#0 building with "desktop-linux" instance using docker driver

#1 [internal] load build definition from DFlowRuntime.Dockerfile
#1 transferring dockerfile: 1.68kB done
#1 DONE 0.0s

#2 [internal] load metadata for docker.io/library/damsafe-dflow-thirdparty:oneapi-2024
#2 DONE 0.0s

#3 [internal] load metadata for docker.io/library/almalinux:8
#3 DONE 1.0s

#4 [internal] load .dockerignore
#4 transferring context: 364B done
#4 DONE 0.0s

#5 [build 1/5] FROM docker.io/library/damsafe-dflow-thirdparty:oneapi-2024@sha256:5df273d79ea799cd918e49a222c6c4c8566b571391ec5ec2f996b0906abd6c1c
#5 resolve docker.io/library/damsafe-dflow-thirdparty:oneapi-2024@sha256:5df273d79ea799cd918e49a222c6c4c8566b571391ec5ec2f996b0906abd6c1c 0.0s done
#5 DONE 0.0s

#6 [internal] preparing inline document
#6 CACHED

#7 [stage-1 1/2] FROM docker.io/library/almalinux:8@sha256:9f355ae942d6a6c0561f0771dc053a2cfae9580fc45fa4252756db7c7e80c09f
#7 resolve docker.io/library/almalinux:8@sha256:9f355ae942d6a6c0561f0771dc053a2cfae9580fc45fa4252756db7c7e80c09f 0.0s done
#7 CACHED

#8 [internal] load build context
#8 transferring context: 5.40MB 1.6s done
#8 DONE 1.6s

#9 [build 2/5] WORKDIR /source
#9 CACHED

#10 [build 3/5] COPY . .
#10 CACHED

#11 [build 4/5] RUN grep -q 'third_party_open/pthreads/bin/x64/msvcr100.dll' /source/src/engines_gpl/dflowfm/packages/dflowfm_kernel/test/CMakeLists.txt && sed -i '/# Copy pthreads runtime dependency/,/^)/d' /source/src/engines_gpl/dflowfm/packages/dflowfm_kernel/test/CMakeLists.txt
#11 DONE 0.2s

#12 [build 5/5] RUN --mount=type=cache,target=/source/build     --mount=type=cache,target=/root/.conan2     <<"EOF" (#!/usr/bin/env bash...)
#12 0.355  
#12 0.355 :: initializing oneAPI environment ...
#12 0.355    EOF: BASH_VERSION = 4.4.20(1)-release
#12 0.355    args: Using "$@" for setvars.sh arguments: 
#12 0.361 :: compiler -- latest
#12 0.380 :: debugger -- latest
#12 0.397 :: dev-utilities -- latest
#12 0.413 :: dpl -- latest
#12 0.433 :: mkl -- latest
#12 0.447 :: mpi -- latest
#12 0.471 :: tbb -- latest
#12 0.485 :: oneAPI environment initialized ::
#12 0.485  
#12 1.337 Copying file global.conf to /root/.conan2/.
#12 1.337 Copying file settings_user.yml to /root/.conan2/.
#12 1.337 Defining remotes from remotes.json
#12 1.337 Copying file delft3d_alma8_intel_2024_v3 to /root/.conan2/profiles
#12 1.338 Copying file delft3d_windows_msvc_194_v3 to /root/.conan2/profiles
#12 1.338 Copying file delft3d_windows_msvc_195_v1 to /root/.conan2/profiles
#12 1.338 Copying file delft3d_alma8_intel_2026_v1 to /root/.conan2/profiles
#12 1.546 Removed remotes:
#12 1.546 delft3d-conan-dev: https://internal-artifacts.deltares.nl/repository/delft3d-conan-dev [Verify SSL: True, Enabled: True]
#12 1.546 deltares-conan-center-proxy: https://internal-artifacts.deltares.nl/repository/conan-proxy [Verify SSL: True, Enabled: True]
#12 1.703 WARN: The cache folder for remote local-recipes existed, removing it
#12 2.102 Using lockfile: '/source/conan.lock'
#12 2.119 
#12 2.119 ======== Input profiles ========
#12 2.119 Profile host:
#12 2.119 [settings]
#12 2.119 arch=x86_64
#12 2.119 build_type=Release
#12 2.119 compiler=intel-cc
#12 2.119 compiler.cppstd=20
#12 2.119 compiler.libcxx=libstdc++11
#12 2.119 compiler.mode=icx
#12 2.119 compiler.version=2024.2
#12 2.119 fortran_compiler=ifx
#12 2.119 fortran_compiler.version=2024.2
#12 2.119 os=Linux
#12 2.119 os.distro=Alma8
#12 2.119 &:build_type=Release
#12 2.119 [conf]
#12 2.119 tools.build:compiler_executables={'c': '/opt/intel/oneapi/compiler/2024.2/bin/icx', 'cpp': '/opt/intel/oneapi/compiler/2024.2/bin/icpx', 'fortran': '/opt/intel/oneapi/compiler/2024.2/bin/ifx'}
#12 2.119 tools.intel:installation_path="/opt/intel/oneapi"
#12 2.119 tools.intel:setvars_args=--force
#12 2.119 
#12 2.119 Profile build:
#12 2.119 [settings]
#12 2.119 arch=x86_64
#12 2.119 build_type=Release
#12 2.119 compiler=intel-cc
#12 2.119 compiler.cppstd=20
#12 2.119 compiler.libcxx=libstdc++11
#12 2.119 compiler.mode=icx
#12 2.119 compiler.version=2024.2
#12 2.119 fortran_compiler=ifx
#12 2.119 fortran_compiler.version=2024.2
#12 2.119 os=Linux
#12 2.119 os.distro=Alma8
#12 2.119 &:build_type=Release
#12 2.119 [conf]
#12 2.119 tools.build:compiler_executables={'c': '/opt/intel/oneapi/compiler/2024.2/bin/icx', 'cpp': '/opt/intel/oneapi/compiler/2024.2/bin/icpx', 'fortran': '/opt/intel/oneapi/compiler/2024.2/bin/ifx'}
#12 2.119 tools.intel:installation_path="/opt/intel/oneapi"
#12 2.119 tools.intel:setvars_args=--force
#12 2.119 
#12 2.120 
#12 2.120 ======== Computing dependency graph ========
#12 2.204 Graph root
#12 2.204     conanfile.py: /source/conanfile.py
#12 2.204 Requirements
#12 2.204     boost/1.90.0#a1b1e0a78c5a7c7d87c8bb4b7cbb728a - Cache
#12 2.204     eigen/5.0.1#5f0f72e012979ebc4dfc038c701b81ea - Cache
#12 2.204     expat/2.8.0#a853bee3816ac79a899532786508152a - Cache
#12 2.204     gdal/3.12.1#6f414e825e44c0c83326681be6581b0a - Cache
#12 2.204     gtest/1.18.0#e2507fc4efe2ec9e2db9e5c91eefab9f - Cache
#12 2.204     hdf5/1.14.2#e11564a0e512f3387e8201ba38aea856 - Cache
#12 2.204     json-c/0.17#c01dc2f90ca2785d218c9c12d2587c69 - Cache
#12 2.204     libgeotiff/1.7.1#94cf0d7b12e8876c6590548445f02d6d - Cache
#12 2.204     libtiff/4.7.1#c9a3c594b285692ffc74dabd0b1f7640 - Cache
#12 2.204     libxml2/2.15.3#3406c6d8d327e9b84c0c894feb859514 - Cache
#12 2.204     netcdf/4.9.2#e7c84a1fd8b54b8243cf5c79380e52d9 - Cache
#12 2.204     netcdf-fortran/4.6.2#0297d442dccc836d6dd5b29493d447cc - Cache
#12 2.204     nlohmann_json/3.11.3#45828be26eb619a2e04ca517bb7b828d - Cache
#12 2.204     petsc/3.25.3#79677ca26746e29883aa1bafa4a5fd4e - Cache
#12 2.204     precice/3.4.1#065ec24efacc1c68919346fbb8334559 - Cache
#12 2.204     proj/9.3.1#29d7cde88e270fd3a138bb0f32a8438b - Cache
#12 2.204     sqlite3/3.53.1#886c510c5d3908b84a9b0766ac958cce - Cache
#12 2.204     triangle/1.6-deltares.2#2343c1384ebb66274e4ccae3f4babae0 - Cache
#12 2.204     zlib/1.3.2#7785cdb3a85f7c138a9c4f91f36ba701 - Cache
#12 2.204 Build requirements
#12 2.204     b2/5.5.3#043a75bcbb090e3f81f7ac849850d0ca - Cache
#12 2.204     cmake/4.3.2#5bae0b181463ca4dc3e924a981367ee6 - Cache
#12 2.204     sqlite3/3.53.1#886c510c5d3908b84a9b0766ac958cce - Cache
#12 2.205 
#12 2.205 ======== Computing necessary packages ========
#12 2.226 Requirements
#12 2.226     boost/1.90.0#a1b1e0a78c5a7c7d87c8bb4b7cbb728a:ed3da4a9fab9a7eeef3a18dd812379c3a82838b7#ef4c30888f409d70c19a784fb93cf24b - Cache
#12 2.226     eigen/5.0.1#5f0f72e012979ebc4dfc038c701b81ea:da39a3ee5e6b4b0d3255bfef95601890afd80709#c851e83a798693487394829d52b41fb7 - Cache
#12 2.226     expat/2.8.0#a853bee3816ac79a899532786508152a:541a984c937f052b42bc560b219a97efce94bd8c#af03d2e5b968f750ccd26b903eb26d2d - Cache
#12 2.226     gdal/3.12.1#6f414e825e44c0c83326681be6581b0a:51e359246ab0690394e25a8f5bd46e70b10c7313#dabd4817f49eb626354d32dbda984342 - Cache
#12 2.226     gtest/1.18.0#e2507fc4efe2ec9e2db9e5c91eefab9f:8550609d9ce0c9d1605e0148756b4d351f0bdde6#5b5f030f39e109bff3eb77b33f81f58e - Cache
#12 2.226     hdf5/1.14.2#e11564a0e512f3387e8201ba38aea856:78ae66d1a9a8987c424e71e1736d05751a57430c#fae15407ed109c5027ed38af195115e8 - Cache
#12 2.226     libgeotiff/1.7.1#94cf0d7b12e8876c6590548445f02d6d:a47ee004ce4d2216e0cfcd00693b83e001a9c813#59a337aa8e430fdf97ad9efcf60da8fd - Cache
#12 2.226     libtiff/4.7.1#c9a3c594b285692ffc74dabd0b1f7640:d9748e9ab8c6ca55cd4abeba49f17bbdb8363c79#42ef83a6075bd3d56801e6a050a4cea3 - Cache
#12 2.226     libxml2/2.15.3#3406c6d8d327e9b84c0c894feb859514:f564cbebe07b2e59fb62de7d623d36ede41e196a#da9622b54ed8859216e38cffb87dfaf1 - Cache
#12 2.226     netcdf-fortran/4.6.2#0297d442dccc836d6dd5b29493d447cc:e1f4fbff6d305ccc64749c52b2cd7785598c4ef4#71d5a85675e7823e4f8ac142afdbe91a - Cache
#12 2.226     netcdf/4.9.2#e7c84a1fd8b54b8243cf5c79380e52d9:7f731ae39b45d1cc08d37880080911cf75153ba7#e6e1d308f91648add5b0c99981781839 - Cache
#12 2.226     petsc/3.25.3#79677ca26746e29883aa1bafa4a5fd4e:f4f088056173a29bb0e444665ad767c7f31d43be#7be7bd254b567bcec86c206170d34045 - Cache
#12 2.226     precice/3.4.1#065ec24efacc1c68919346fbb8334559:7d5dfd4e6b05f1ef0e7e93f88b0d0c5e538fee89#21cdfdc83595434fb2497dda25eb2c49 - Cache
#12 2.226     proj/9.3.1#29d7cde88e270fd3a138bb0f32a8438b:c08868cca80f300115372fada89f90ddc9e2f489#e49bf8079a7799b491c2151599b3ad75 - Cache
#12 2.226     triangle/1.6-deltares.2#2343c1384ebb66274e4ccae3f4babae0:e565e691cca38a02a8c74613b3501a3136e94fa5#37df028b9d3525db12cce82f778dee89 - Cache
#12 2.226     zlib/1.3.2#7785cdb3a85f7c138a9c4f91f36ba701:d88782a729dc5e08252cf24acf46a5e17b53a083#154452e256e2975cfb731d4c7a60e9b0 - Cache
#12 2.226 Build requirements
#12 2.226 Skipped binaries
#12 2.226     json-c/0.17, nlohmann_json/3.11.3, sqlite3/3.53.1, b2/5.5.3, cmake/4.3.2, sqlite3/3.53.1
#12 2.227 
#12 2.227 ======== Installing packages ========
#12 2.228 eigen/5.0.1: Already installed! (1 of 16)
#12 2.228 petsc/3.25.3: Already installed! (2 of 16)
#12 2.229 triangle/1.6-deltares.2: Already installed! (3 of 16)
#12 2.229 zlib/1.3.2: Already installed! (4 of 16)
#12 2.229 boost/1.90.0: Already installed! (5 of 16)
#12 2.230 expat/2.8.0: Already installed! (6 of 16)
#12 2.231 gtest/1.18.0: Already installed! (7 of 16)
#12 2.231 hdf5/1.14.2: Already installed! (8 of 16)
#12 2.231 libtiff/4.7.1: Already installed! (9 of 16)
#12 2.232 libxml2/2.15.3: Already installed! (10 of 16)
#12 2.232 netcdf/4.9.2: Already installed! (11 of 16)
#12 2.232 precice/3.4.1: Already installed! (12 of 16)
#12 2.232 proj/9.3.1: Already installed! (13 of 16)
#12 2.233 libgeotiff/1.7.1: Already installed! (14 of 16)
#12 2.233 netcdf-fortran/4.6.2: Already installed! (15 of 16)
#12 2.233 gdal/3.12.1: Already installed! (16 of 16)
#12 2.233 WARN: deprecated: Usage of deprecated Conan 1.X features that will be removed in Conan 2.X:
#12 2.233 WARN: deprecated:     'env_info' used in: boost/1.90.0
#12 2.234 WARN: deprecated:     'cpp_info.filenames' used in: boost/1.90.0
#12 2.234 WARN: deprecated:     'cpp_info.names' used in: hdf5/1.14.2, boost/1.90.0
#12 2.234 WARN: deprecated:     'user_info' used in: boost/1.90.0
#12 2.234 WARN: deprecated:     'cpp_info.build_modules' used in: hdf5/1.14.2
#12 2.234 
#12 2.234 ======== Finalizing install (deploy, generators) ========
#12 2.234 conanfile.py: Writing generators to /source/build/conan/generators
#12 2.241 conanfile.py: Generator 'CMakeDeps' calling 'generate()'
#12 2.281 conanfile.py: CMakeDeps necessary find_package() and targets for your CMakeLists.txt
#12 2.281     find_package(netCDF-Fortran)
#12 2.281     find_package(netCDF)
#12 2.281     find_package(HDF5)
#12 2.281     find_package(GDAL)
#12 2.281     find_package(proj)
#12 2.281     find_package(TIFF)
#12 2.281     find_package(expat)
#12 2.281     find_package(PETSc)
#12 2.281     find_package(triangle)
#12 2.281     find_package(precice)
#12 2.281     find_package(Boost)
#12 2.281     find_package(Eigen3)
#12 2.281     find_package(libxml2)
#12 2.281     find_package(ZLIB)
#12 2.281     find_package(GTest)
#12 2.281     target_link_libraries(... netCDF::netcdff netCDF::netcdf HDF5::HDF5 GDAL::GDAL PROJ::proj TIFF::TIFF expat::expat PETSc::PETSc triangle::triangle precice::precice boost::boost Eigen3::Eigen LibXml2::LibXml2 ZLIB::ZLIB gtest::gtest)
#12 2.286 conanfile.py: Calling generate()
#12 2.286 conanfile.py: Generators folder: /source/build/conan/generators
#12 2.288 conanfile.py: Generating aggregated env files
#12 2.288 conanfile.py: Generated aggregated env files: ['conanbuild.sh', 'conanrun.sh']
#12 2.288 Install finished successfully
#12 2.339 -- Configuring
#12 2.339 -- Conan: Target declared 'ZLIB::ZLIB'
#12 2.341 -- Conan: Component target declared 'hdf5::hdf5'
#12 2.341 -- Conan: Component target declared 'hdf5::hdf5_hl'
#12 2.341 -- Conan: Target declared 'HDF5::HDF5'
#12 2.342 -- Conan: Including build module from '/root/.conan2/p/b/hdf57a948b2e684da/p/lib/cmake/conan-official-hdf5-variables.cmake'
#12 2.343 -- Conan: Component target declared 'netCDF::netcdf'
#12 2.344 -- Conan: Target declared 'netCDF::netcdff'
#12 2.345 -- Conan: Target declared 'expat::expat'
#12 2.346 -- Conan: Target declared 'TIFF::TIFF'
#12 2.347 -- Conan: Component target declared 'PROJ::proj'
#12 2.349 -- Conan: Target declared 'GDAL::GDAL'
#12 2.351 -- Conan: Target declared 'geotiff_library'
#12 2.352 -- Conan: Target declared 'PETSc::PETSc'
#12 2.353 -- Conan: Target declared 'triangle::triangle'
#12 2.355 -- Conan: Component target declared 'Boost::diagnostic_definitions'
#12 2.355 -- Conan: Component target declared 'Boost::disable_autolinking'
#12 2.355 -- Conan: Component target declared 'Boost::dynamic_linking'
#12 2.355 -- Conan: Component target declared 'Boost::headers'
#12 2.355 -- Conan: Component target declared 'Boost::boost'
#12 2.355 -- Conan: Component target declared 'boost::_libboost'
#12 2.355 -- Conan: Component target declared 'Boost::atomic'
#12 2.355 -- Conan: Component target declared 'Boost::chrono'
#12 2.355 -- Conan: Component target declared 'Boost::container'
#12 2.355 -- Conan: Component target declared 'Boost::date_time'
#12 2.355 -- Conan: Component target declared 'Boost::exception'
#12 2.355 -- Conan: Component target declared 'Boost::program_options'
#12 2.355 -- Conan: Component target declared 'Boost::regex'
#12 2.355 -- Conan: Component target declared 'Boost::serialization'
#12 2.355 -- Conan: Component target declared 'Boost::filesystem'
#12 2.355 -- Conan: Component target declared 'Boost::test'
#12 2.355 -- Conan: Component target declared 'Boost::thread'
#12 2.355 -- Conan: Component target declared 'Boost::wserialization'
#12 2.355 -- Conan: Component target declared 'Boost::log'
#12 2.355 -- Conan: Component target declared 'Boost::prg_exec_monitor'
#12 2.355 -- Conan: Component target declared 'Boost::test_exec_monitor'
#12 2.355 -- Conan: Component target declared 'Boost::unit_test_framework'
#12 2.355 -- Conan: Component target declared 'Boost::log_setup'
#12 2.355 -- Conan: Target declared 'boost::boost'
#12 2.364 -- Conan: Target declared 'precice::precice'
#12 2.365 -- Conan: Component target declared 'Eigen3::Eigen'
#12 2.366 -- Conan: Target declared 'LibXml2::LibXml2'
#12 2.367 -- Conan: Component target declared 'GTest::gtest'
#12 2.367 -- Conan: Component target declared 'GTest::gtest_main'
#12 2.367 -- Conan: Component target declared 'GTest::gmock'
#12 2.367 -- Conan: Component target declared 'GTest::gmock_main'
#12 2.367 -- Conan: Target declared 'gtest::gtest'
#12 2.369 -- build nr: 
#12 2.372 -- Setting Fortran compiler flags in Unix
#12 3.247 -- f90tw_INCLUDE_DIR is /source/src/third_party_open/f90tw/f90tw-main/f90tw
#12 3.247 -- Generating solution for Delft3D-FM ...
#12 3.345 -- build_config 
#12 3.345 --   D-WAQ kernel
#12 3.345 --     --> waq_definition
#12 3.347 --     --> waq_utils_c
#12 3.348 --     --> waq_utils_f
#12 3.350 --     --> waq_process
#12 3.357 --     --> waq_data
#12 3.358 --     --> waq_hyd_data
#12 3.359 --     --> solvesaphe
#12 3.361 --     --> intelredist
#12 3.361 --     -->  - Installing Intel Redistributable Libraries
#12 3.362 --     --> waq_netcdf
#12 3.363 --     --> waq_validation
#12 3.364 --     --> waq_external_access_layer
#12 3.366 --     --> waq_preprocessor
#12 3.367 --     --> waq_proc_preprocess
#12 3.369 --     --> waq_computation
#12 3.371 --     --> waq_kernel
#12 3.375 --     --> waq_memory
#12 3.377 --     --> waq_io
#12 3.379 --     --> waq_plugin_wasteload
#12 3.380 --     --> delwaq_lib
#12 3.381 --     --> waq_logging
#12 3.383 --     --> delwaq
#12 3.384 --     --> wq_processes
#12 3.385 --   D-WAQ tools
#12 3.385 --     --> waqpb_lib
#12 3.387 --     --> waqpb_import
#12 3.389 --     --> waqpb_export
#12 3.390 --     --> waqmerge
#12 3.392 --     --> ddcouple
#12 3.394 --     --> agrhyd
#12 3.396 --     --> maptonetcdf
#12 3.397 --     --> calcage
#12 3.399 --     --> checkhydbal
#12 3.400 --   D-PART kernel
#12 3.400 --     --> part_data_f
#12 3.401 --     --> part_utils_f
#12 3.403 --     --> part_io_f
#12 3.404 --     --> part_kernel_f
#12 3.406 --     --> delpar
#12 3.407 --   D-WAQ third party libraries
#12 3.407 --     --> kdtree2
#12 3.409 --     --> kdtree_wrapper
#12 3.410 --     --> fortrangis
#12 3.413 --     --> shp
#12 3.414 --   D-WAQ utils
#12 3.414 --     --> io_netcdf
#12 3.416 --     --> io_netcdf_data
#12 3.418 --     --> gridgeom
#12 3.420 --     --> nefis
#12 3.424 --     --> io_hyd
#12 3.426 --     --> morphology_data
#12 3.427 --   D-WAQ unit and integration tests
#12 3.427 --     --> tests_unit_delwaq
#12 3.435 --     --> tests_integration_delwaq
#12 3.438 --     --> tests_utils_lgpl
#12 3.802 -- Found OpenMP: TRUE (found version "5.0") found components: Fortran
#12 3.821 -- Setting target_compile_definitions in Unix
#12 3.827 -- Setting target_compile_definitions in Unix
#12 3.923 -- checking for thread-local storage - found
#12 3.926 -- Configuring 'metisoptions' with the following metis_include_path: /source/src/third_party_open/metis/cmake_deltares/../metis-5.1.0/include
#12 3.959 -- swan lib:
#12 3.962 -- swan mpi:
#12 3.964 -- swan omp:
#12 4.228 -- Found OpenMP: TRUE (found version "4.5")
#12 4.233 -- Found Xerces-C: 3.2.5
#12 4.277 -- Configuring done (1.9s)
#12 4.969 -- Generating done (0.7s)
#12 4.970 -- Build files have been written to: /source/build
#12 5.043 [  0%] Built target test_deltares_common_gtest_f2h
#12 5.043 [  0%] Built target getopt
#12 5.046 [  0%] Building C object deltares_common_c/CMakeFiles/deltares_common_c.dir/src/bmi_shared_lib_fortran_api.c.o
#12 5.046 [  0%] Built target generate_assertions_gtest_f90
#12 5.047 [  0%] Building C object deltares_common_c/CMakeFiles/deltares_common_c.dir/src/cutil.c.o
#12 5.048 [  0%] Building CXX object deltares_common_c/CMakeFiles/deltares_common_c.dir/src/getputarray.cpp.o
#12 5.049 [  0%] Building Fortran object fortrangis/CMakeFiles/fortranc.dir/source/src/third_party_open/fortrangis/libfortranc/fortranc.F90.o
#12 5.050 [  0%] Building C object nefis/CMakeFiles/nefis.dir/src/f2c.c.o
#12 5.050 [  0%] Built target waq_utils_c
#12 5.051 [  0%] Built target generate_m_alloc_generated
#12 5.051 [  0%] Building C object nefis/CMakeFiles/nefis.dir/src/gp.c.o
#12 5.051 [  0%] Building CXX object deltares_common_c/CMakeFiles/deltares_common_c.dir/src/sems.cpp.o
#12 5.054 [  0%] Built target shp
#12 5.055 [  0%] Building C object morphology_plugins_c/CMakeFiles/morphology_plugins_c.dir/src/shared_lib_fallve.c.o
#12 5.055 [  0%] Built target nefis_tests_f2h
#12 5.056 [  0%] Built target calcage
#12 5.056 [  0%] Building C object morphology_plugins_c/CMakeFiles/morphology_plugins_c.dir/src/shared_lib_trafrm.c.o
#12 5.057 [  0%] Building C object deltares_common_c/CMakeFiles/deltares_common_c.dir/src/shared_library_fortran_api.c.o
#12 5.058 [  0%] Building CXX object deltares_common_c/CMakeFiles/deltares_common_c.dir/src/throwexception.cpp.o
#12 5.060 [  0%] Built target kdtree2
#12 5.061 [  0%] Built target test_general_structure_f2h
#12 5.061 [  0%] Built target ftnunit
#12 5.064 [  0%] Built target test_Readstructure_f2h
#12 5.066 [  0%] Built target precicef
#12 5.067 [  0%] Built target test_morphology_f2h
#12 5.081 [  0%] Built target generate_unc_put_var_map
#12 5.089 [  0%] Building C object dfm_api_access/CMakeFiles/dfm_api_access.dir/src/dfm_lib_fortran_api.c.o
#12 5.089 [  0%] Built target libsigwatch
#12 5.097 /source/src/utils_gpl/morphology/packages/morphology_plugins_c/src/shared_lib_fallve.c:137:9: warning: expression result unused; should this cast be to 'void'? [-Wunused-value]
#12 5.097   137 |         (void*)(*proc)(dll_integers, max_integers, dll_reals, max_reals, dll_strings, max_strings, ws, message,
#12 5.097       |         ^    ~
#12 5.103 [  0%] Built target test_dflowfm_kernel_gtest_f2h
#12 5.104 /source/src/utils_gpl/morphology/packages/morphology_plugins_c/src/shared_lib_trafrm.c:144:9: warning: expression result unused; should this cast be to 'void'? [-Wunused-value]
#12 5.105   144 |         (void*)(*proc)(dll_integers, max_integers, dll_reals, max_reals, dll_strin[  0%] Built target FLAP
#12 5.105 gs, max_strings, sbc_total, sbc, sbcu,
#12 5.107       |         ^    ~
#12 5.108 [  1%] Built target md5digest
#12 5.108 /source/src/utils_gpl/morphology/packages/morphology_plugins_c/src/shared_lib_trafrm.c:209:9: warning: expression result unused; should this cast be to 'void'? [-Wunused-value]
#12 5.108   209 |    1 warning generated.
#12 5.108      (void*)(*proc)(dll_integers, max_integers, dll_reals, max_reals, dll_strings, max_strings, sink, source,
#12 5.109       |         ^    ~
#12 5.109 [  2%] Built target polypack
#12 5.111 [  2%] Built target test_ec_module_f2h
#12 5.116 [  2%] Built target interacter_stub
#12 5.117 [  3%] Built target metis
#12 5.117 /source/src/utils_lgpl/deltares_common/packages/deltares_common_c/src/bmi_shared_lib_fortran_api.c:127:9: warning: expression result unused; should this cast be to 'void'? [-Wunused-value]
#12 5.117   127 |         (void*)(*proc)(&time);
#12 5.118       |         ^    ~
#12 5.120 /source/src/utils_lgpl/deltares_common/packages/deltares_common_c/src/bmi_shared_lib_fortran_api.c:145:2 warnings generated.
#12 5.121 9: warning: expression result unused; should this cast be to 'void'? [-Wunused-value]
#12 5.121   145 |         (void*)(*proc)(c_config_file);
#12 5.125       |         ^    ~
#12 5.125 /source/src/utils_lgpl/deltares_common/packages/deltares_common_c/src/bmi_shared_lib_fortran_api.c:187:9: warning: expression result unused; should this cast be to 'void'? [-Wunused-value]
#12 5.125   187 |         (void*)(*proc)(c_var_name, &bmi_values);
#12 5.125       |         ^    ~
#12 5.125 /source/src/utils_lgpl/deltares_common/packages/deltares_common_c/src/bmi_shared_lib_fortran_api.c:205:9: warning: expression result unused; should this cast be to 'void'? [-Wunused-value]
#12 5.125   205 |         (void*)(*proc)(var_name, xptr);
#12 5.125       |         ^    ~
#12 5.125 /source/src/utils_lgpl/deltares_common/packages/deltares_common_c/src/bmi_shared_lib_fortran_api.c:217:9: warning: expression result unused; should this cast be to 'void'? [-Wunused-value]
#12 5.125   217 |         (void*)(*proc)(c_var_name, values);
#12 5.125       |         ^    ~
#12 5.125 /source/src/utils_lgpl/deltares_common/packages/deltares_common_c/src/bmi_shared_lib_fortran_api.c:234:9: warning: expression result unused; should this cast be to 'void'? [-Wunused-value]
#12 5.125   234 |         (void*)(*proc)(c_var_name, values);
#12 5.125       |         ^    ~
#12 5.125 /source/src/utils_lgpl/deltares_common/packages/deltares_common_c/src/bmi_shared_lib_fortran_api.c:248:9: warning: expression result unused; should this cast be to 'void'? [-Wunused-value]
#12 5.125   248 |         (void*)(*proc)(*dt);
#12 5.126       |         ^    ~
#12 5.126 /source/src/utils_lgpl/deltares_common/packages/deltares_common_c/src/bmi_shared_lib_fortran_api.c:261:9: warning: expression result unused; should this cast be to 'void'? [-Wunused-value]
#12 5.126   261 |         (void*)(*proc)();
#12 5.128       |         ^    ~
#12 5.128 [  3%] Linking C static library libmorphology_plugins_c.a
#12 5.130 /source/src/utils_lgpl/nefis/packages/nefis/src/gp.c:1662:85: warning: format specifies type 'long' but the argument has type 'BInt4' (aka 'int') [-Wformat]
#12 5.131  1662 |                 sprintf(error_text, "On writing variable pointer table, table %ld", j);
#12 5.132       |                                                                               ~~~   ^
#12 5.132       |                                                                               %d
#12 5.133 /source/src/utils_lgpl/nefis/packages/nefis/src/gp.c:1730:89:[  3%] Building CXX object delftio_shm/CMakeFiles/delftio_shm.dir/src/diof90/dio_shm.cpp.o
#12 5.135 [  3%] Building CXX object delftio_shm/CMakeFiles/delftio_shm.dir/src/diof90/dio-sync-ux.cpp.o
#12 5.135  warning: format specifies type 'long' but the argument has type 'BInt4' (aka 'int') [-Wformat]
#12 5.135  1730 |                     sprintf(error_text, "On reading variable pointer table, table %ld", j);
#12 5.135       |                                                                                   ~~~   ^
#12 5.135       |                                                                                   %d
#12 5.137 /source/src/utils_lgpl/nefis/packages/nefis/src/gp.c:1897:89: warning: format specifies type 'long' but the argument has type 'BUInt4' (aka 'unsigned int') [-Wformat]
#12 5.137  1897 |                     sprintf(error_text, "On reading variable pointer table, table %ld", j);
#12 5.137       |                                                                                   ~~~   ^
#12 5.137       |                                                                                   %u
#12 5.145 [  6%] Built target spherepack
#12 5.145 [  6%] Building CXX object delftio_shm/CMakeFiles/delftio_shm.dir/src/diof90/dio_shm_datablock.cpp.o
#12 5.145 /source/src/utils_lgpl/nefis/packages/nefis/src/f2c.c:674:98: warning: format specifies type 'long' but the argument has type 'BInt4' (aka 'int') [-Wformat]
#12 5.145   674 |         sprintf(error_text, "Gethdt: Supplied character string too small for header: %ld<%ld\n", header_length, LHDRDT);
#12 5.145       |                                                                                      ~~~         ^~~~~~~~~~~~~
#12 5.145       |                                                                                      %d
#12 5.145 /source/src/utils_lgpl/nefis/packages/nefis/src/f2c.c:674:113: warning: format specifies type 'long' but the argument has type 'int' [-Wformat]
#12 5.145   674 |         sprintf(error_text, "Gethdt: Supplied character string too small for header: %ld<%ld\n", header_length, LHDRDT);
#12 5.145       |                                                                                          ~~~                    ^~~~~~
#12 5.145       |                                                                                          %d
#12 5.145 /source/src/utils_lgpl/nefis/packages/nefis/include/nef-def.h:37:16: note: expanded from macro 'LHDRDT'
#12 5.145    37 | #define LHDRDT 60
#12 5.145       |                ^~
#12 5.145 /source/src/utils_lgpl/nefis/packages/nefis/src/f2c.c:706:97: warning: format specifies type 'long' but the argument has type 'BInt4' (aka 'int') [-Wformat]
#12 5.145   706 |         sprintf(error_text, "Gethdf: Supplied character string too small for header %ld<%ld\n", header_length, LHDRDF);
#12 5.145       |                                                                                     ~~~         ^~~~~~~~~~~~~
#12 5.145       |                                                                                     %d
#12 5.145 /source/src/utils_lgpl/nefis/packages/nefis/src/f2c.c:706:112: warning: format specifies type 'long' but the argument has type 'int' [-Wformat]
#12 5.145   706 |         sprintf(error_text, "Gethdf: Supplied character string too small for header %ld<%ld\n", header_length, LHDRDF);
#12 5.145       |                                                                                         ~~~                    ^~~~~~
#12 5.145       |                                                                                         %d
#12 5.145 /source/src/utils_lgpl/nefis/packages/nefis/include/nef-def.h:31:16: note: expanded from macro 'LHDRDF'
#12 5.145    31 | #define LHDRDF 60
#12 5.145       |                ^~
#12 5.145 /source/src/utils_lgpl/nefis/packages/nefis/src/f2c.c:887:91: warning: format specifies type 'long' but the argument has type 'BInt4' (aka 'int') [-Wformat]
#12 5.145   887 |         sprintf(error_text, "Getsat: User supplied attribute string too small %ld<%ld\n", at_value_length, MAX_NAME);
#12 5.145       |                                                                               ~~~         ^~~~~~~~~~~~~~~
#12 5.145       |                                                                               %d
#12 5.145 /source/src/utils_lgpl/nefis/packages/nefis/src/f2c.c:887:108: warning: format specifies type 'long' but the argument has type 'int' [-Wformat]
#12 5.145   887 |         sprintf(error_text, "Getsat: User supplied attribute string too small %ld<%ld\n", at_value_length, MAX_NAME);
#12 5.145       |                                                                                   ~~~                      ^~~~~~~~
#12 5.145       |                                                                                   %d
#12 5.145 /source/src/utils_lgpl/nefis/packages/nefis/include/nef-def.h:46:18: note: expanded from macro 'MAX_NAME'
#12 5.145    46 | #define MAX_NAME 16
#12 5.145       |                  ^~
#12 5.145 /source/src/utils_lgpl/nefis/packages/nefis/src/f2c.c:931:17: warning: format specifies type 'long' but the argument has type 'BInt4' (aka 'int') [-Wformat]
#12 5.145   930 |         sprintf(error_text, "Inqcel: Supplied array too small to contain all element names: \'%s\' %ld<%d\n", cel_name,
#12 5.146       |                                                                                                    ~~~
#12 5.146       |                                                                                                    %d
#12 5.146   931 |                 el_names_length, MAX_NAME);
#12 5.146       |                 ^~~~~~~~~~~~~~~
#12 5.146 [  6%] Built target plugin_delftflow_traform
#12 5.146 /source/src/utils_lgpl/nefis/packages/nefis/src/f2c.c:943:31: warning: format specifies type 'long' but the argument has type 'BInt4' (aka 'int') [-Wformat]
#12 5.146   942 |        [  6%] Built target esmfsm_version_number
#12 5.149      sprintf(error_text, "Inqcel: User supplied array too small to contain Cell properties: \'%s\' %ld<%ld \n",
#12 5.149       |                                                                                                           ~~~
#12 5.149       |                                                                                                           %d
#12 5.149   943 |                     cel_name, *cl_num_dim, cel_num_dim);
#12 5.149       |                               ^~~~~~~~~~~
#12 5.149 /source/src/utils_lgpl/nefis/packages/nefis/src/f2c.c:943:44: warning: format specifies type 'long' but the argument has type 'BUInt4' (aka 'unsigned int') [-Wformat]
#12 5.149   942 |             sprintf(error_text, "Inqcel: User supplied array too small to contain Cell properties: \'%s\' %ld<%ld \n",
#12 5.149       |                                                                                                               ~~~
#12 5.149       |                                                                                                               %u
#12 5.149   943 |                     cel_name, *cl_num_dim, cel_num_dim);
#12 5.149       |                                            ^~~~~~~~~~~
#12 5.149 /source/src/utils_lgpl/nefis/packages/nefis/src/f2c.c:980:17: warning: format specifies type 'long' but the argument has type 'BInt4' (aka 'int') [-Wformat]
#12 5.149   979 |         sprintf(error_text, "Inqdat: User supplied array to store group definition too small: %ld<%ld \n",
#12 5.149       |                                                                                               ~~~
#12 5.149       |                                                                                               %d
#12 5.149   980 |                 gr_defined_length, MAX_NAME);
#12 5.149       |                 ^~~~~~~~~~~~~~~~~
#12 5.149 /source/src/utils_lgpl/nefis/packages/nefis/src/f2c.c:980:36: warning: format specifies type 'long' but the argument has type 'int' [-Wformat]
#12 5.149   979 |         sprintf(error_text, "Inqdat: User supplied array to store group definition too small: %ld<%ld \n",
#12 5.149       |                                                                                                   ~~~
#12 5.149       |                                                                                                   %d
#12 5.149   980 |                 gr_defined_length, MAX_NAME);
#12 5.149       |                                    ^~~~~~~~
#12 5.149 /source/src/utils_lgpl/nefis/packages/nefis/include/nef-def.h:46:18: note: expanded from macro 'MAX_NAME'
#12 5.149    46 | #define MAX_NAME 16
#12 5.149       |                  ^~
#12 5.149 /source/src/utils_lgpl/nefis/packages/nefis/src/f2c.c:1054:26: warning: format specifies type 'long' but the argument has type 'BUInt4' (aka 'unsigned int') [-Wformat]
#12 5.150  1052 |                 "Inqelm: User supplied array's to store element definition too small: %s, %ld, %ld<%ld, %ld<%ld, "
#12 5.150       |                                                                                           ~~~
#12 5.150       |                                                                                           %u
#12 5.150  1053 |                 "%ld<%ld, %ld<%ld\n",
#12 5.150  1054 |                 el_name, el_name_length, el_type_length, MAX_TYPE, el_quantity_length, MAX_NAME, el_unity_length,
#12 5.150       |                          ^~~~~~~~~~~~~~
#12 5.150 /source/src/utils_lgpl/nefis/packages/nefis/src/f2c.c:1054:42: warning: format specifies type 'long' but the argument has type 'BUInt4' (aka 'unsigned int') [-Wformat]
#12 5.150  1052 |                 "Inqelm: User supplied array's to store element definition too small: %s, %ld, %ld<%ld, %ld<%ld, "
#12 5.151       |                                                                                                ~~~
#12 5.151       |                                                                                                %u
#12 5.151  1053 |                 "%ld<%ld, %ld<%ld\n",
#12 5.152  1054 |                 el_name, el_name_length, el_type_length, MAX_TYPE, el_quantity_length, MAX_NAME, el_unity_length,
#12 5.152       |                                          ^~~~~~~~~~~~~~
#12 5.153 /source/src/utils_lgpl/nefis/packages/nefis/src/f2c.c:1054:58: warning: format specifies type 'long' but the argument has type 'int' [-Wformat]
#12 5.153  1052 |                 "Inqelm: User supplied array's to store element definition too small: %s, %ld, %ld<%ld, %ld<%ld, "
#12 5.153       |                                                                                                    ~~~
#12 5.153       |                                                                                                    %d
#12 5.153  1053 |                 "%ld<%ld, %ld<%ld\n",
#12 5.153  1054 |                 el_name, el_name_length, el_type_length, MAX_TYPE, el_quantity_length, MAX_NAME, el_unity_length,
#12 5.153       |                                                          ^~~~~~~~
#12 5.153 /source/src/utils_lgpl/nefis/packages/nefis/include/nef-def.h:49:18: note: expanded from macro 'MAX_TYPE'
#12 5.153    49 | #define MAX_TYPE 8
#12 5.153       |                  ^
#12 5.153 /source/src/utils_lgpl/nefis/packages/nefis/src/f2c.c:1054:68: warning: format specifies type 'long' but the argument has type 'BUInt4' (aka 'unsigned int') [-Wformat]
#12 5.153  1052 |                 "Inqelm: User supplied array's to store element definition too small: %s, %ld, %ld<%ld, %ld<%ld, "
#12 5.153       |                                                                                                         ~~~
#12 5.153       |                                                                                                         %u
#12 5.156 [  6%] Building CXX object delftio_shm/CMakeFiles/delftio_shm.dir/src/diof90/dio_shm_f2c_c.cpp.o
#12 5.157 [  6%] Building CXX object delftio_shm/CMakeFiles/delftio_shm.dir/src/diof90/dio_shm_handle.cpp.o
#12 5.157 [  6%] Built target plugin_culvert
#12 5.157  1053 |                 "%ld<%ld, %ld<%ld\n",
#12 5.157  1054 |                 el_name, el_name_length, el_type_length, MAX_TYPE, el_quantity_length, MAX_NAME, el_unity_length,
#12 5.157       |                                                                    ^~~~~~~~~~~~~~~~~~
#12 5.157 /source/src/utils_lgpl/nefis/packages/nefis/src/f2c.c:1054:88: warning: format specifies type 'long' but the argument has type 'int' [-Wformat]
#12 5.157  1052 |                 "Inqelm: User supplied array's to store element definition too small: %s, %ld, %ld<%ld, %ld<%ld, "
#12 5.157       |                                                                                                             ~~~
#12 5.157       |                                                                                                             %d
#12 5.157  1053 |                 "%ld<%ld, %ld<%ld\n",
#12 5.157  1054 |                 el_name, el_name_length, el_type_length, MAX_TYPE, el_quantity_length, MAX_NAME, el_unity_length,
#12 5.157       |                                                                                        ^~~~~~~~
#12 5.157 /source/src/utils_lgpl/nefis/packages/nefis/include/nef-def.h:46:18: note: expanded from macro 'MAX_NAME'
#12 5.157    46 | #define MAX_NAME 16
#12 5.157       |                  ^~
#12 5.157 /source/src/utils_lgpl/nefis/packages/nefis/src/f2c.c:1054:98: warning: format specifies type 'long' but the argument has type 'BUInt4' (aka 'unsigned int') [-Wformat]
#12 5.157  1053 |                 "%ld<%ld, %ld<%ld\n",
#12 5.157       |                  ~~~
#12 5.157       |                  %u
#12 5.157  1054 |                 el_name, el_name_length, el_type_length, MAX_TYPE, el_quantity_length, MAX_NAME, el_unity_length,
#12 5.157       |                                                                                                  ^~~~~~~~~~~~~~~
#12 5.157 /source/src/utils_lgpl/nefis/packages/nefis/src/f2c.c:1055:17: warning: format specifies type 'long' but the argument has type 'int' [-Wformat]
#12 5.157  1053 |                 "%ld<%ld, %ld<%ld\n",
#12 5.157       |                      ~~~
#12 5.157       |                      %d
#12 5.157  1054 |                 el_name, el_name_length, el_type_length, MAX_TYPE, el_quantity_length, MAX_NAME, el_unity_length,
#12 5.157  1055 |                 MAX_NAME, el_desc_length, MAX_DESC);
#12 5.157       |                 ^~~~~~~~
#12 5.157 /source/src/utils_lgpl/nefis/packages/nefis/include/nef-def.h:46:18: note: expanded from macro 'MAX_NAME'
#12 5.157    46 | #define MAX_NAME 16
#12 5.157       |                  ^~
#12 5.157 /source/src/utils_lgpl/nefis/packages/nefis/src/f2c.c:1055:27: warning: format specifies type 'long' but the argument has type 'BUInt4' (aka 'unsigned int') [-Wformat]
#12 5.157  1053 |                 "%ld<%ld, %ld<%ld\n",
#12 5.157       |                           ~~~
#12 5.157       |                           %u
#12 5.157  1054 |                 el_name, el_name_length, el_type_length, MAX_TYPE, el_quantity_length, MAX_NAME, el_unity_length,
#12 5.157  1055 |                 MAX_NAME, el_desc_length, MAX_DESC);
#12 5.157       |                           ^~~~~~~~~~~~~~
#12 5.157 /source/src/utils_lgpl/nefis/packages/nefis/src/f2c.c:1055:43: warning: format specifies type 'long' but the argument has type 'int' [-Wformat]
#12 5.157  1053 |                 "%ld<%ld, %ld<%ld\n",
#12 5.157       |                               ~~~
#12 5.157       |                               %d
#12 5.157  1054 |                 el_name, el_name_length, el_type_length, MAX_TYPE, el_quantity_length, MAX_NAME, el_unity_length,
#12 5.157  1055 |                 MAX_NAME, el_desc_length, MAX_DESC);
#12 5.157       |                                           ^~~~~~~~
#12 5.157 /source/src/utils_lgpl/nefis/packages/nefis/include/nef-def.h:44:18: note: expanded from macro 'MAX_DESC'
#12 5.157    44 | #define MAX_DESC 64
#12 5.157       |                  ^~
#12 5.157 /source/src/utils_lgpl/nefis/packages/nefis/src/f2c.c:1107:21: warning: format specifies type 'long' but the argument has type 'BInt4' (aka 'int') [-Wformat]
#12 5.157  1106 |                     "%ld<%ld \n",
#12 5.157       |                      ~~~
#12 5.157       |                      %d
#12 5.157  1107 |                     *el_num_dim, elm_num_dim);
#12 5.157       |                     ^~~~~~~~~~~
#12 5.157 /source/src/utils_lgpl/nefis/packages/nefis/src/f2c.c:1107:34: warning: format specifies type 'long' but the argument has type 'BUInt4' (aka 'unsigned int') [-Wformat]
#12 5.157  1106 |                     "%ld<%ld \n",
#12 5.157       |                          ~~~
#12 5.157       |                          %u
#12 5.157  1107 |                     *el_num_dim, elm_num_dim);
#12 5.157       |                                  ^~~~~~~~~~~
#12 5.157 /source/src/utils_lgpl/nefis/packages/nefis/src/f2c.c:1153:17: warning: format specifies type 'long' but the argument has type 'BInt4' (aka 'int') [-Wformat]
#12 5.157  1152 |         sprintf(error_text, "Inqfst: User supplied array to contain names too small: %ld<%ld, %ld<%ld\n",
#12 5.157       |                                                                                      ~~~
#12 5.157       |                                                                                      %d
#12 5.157  1153 |                 gr_name_length, MAX_NAME, gr_defined_length, MAX_NAME);
#12 5.157       |                 ^~~~~~~~~~~~~~
#12 5.157 /source/src/utils_lgpl/nefis/packages/nefis/src/f2c.c:1153:33: warning: format specifies type 'long' but the argument has type 'int' [-Wformat]
#12 5.157  1152 |         sprintf(error_text, "Inqfst: User supplied array to contain names too small: %ld<%ld, %ld<%ld\n",
#12 5.157       |                                                                                          ~~~
#12 5.157       |                                                                                          %d
#12 5.157  1153 |                 gr_name_length, MAX_NAME, gr_defined_length, MAX_NAME);
#12 5.157       |                                 ^~~~~~~~
#12 5.157 /source/src/utils_lgpl/nefis/packages/nefis/include/nef-def.h:46:18: note: expanded from macro 'MAX_NAME'
#12 5.157    46 | #define MAX_NAME 16
#12 5.157       |                  ^~
#12 5.157 /source/src/utils_lgpl/nefis/packages/nefis/src/f2c.c:1153:43: warning: format specifies type 'long' but the argument has type 'BInt4' (aka 'int') [-Wformat]
#12 5.157  1152 |         sprintf(error_text, "Inqfst: User supplied array to contain names too small: %ld<%ld, %ld<%ld\n",
#12 5.157       |                                                                                               ~~~
#12 5.157       |                                                                                               %d
#12 5.157  1153 |                 gr_name_length, MAX_NAME, gr_defined_length, MAX_NAME);
#12 5.157       |                                           ^~~~~~~~~~~~~~~~~
#12 5.157 /source/src/utils_lgpl/nefis/packages/nefis/src/f2c.c:1153:62: warning: format specifies type 'long' but the argument has type 'int' [-Wformat]
#12 5.157  1152 |         sprintf(error_text, "Inqfst: User supplied array to contain names too small: %ld<%ld, %ld<%ld\n",
#12 5.157       |                                                                                                   ~~~
#12 5.157       |                                                                                                   %d
#12 5.157  1153 |                 gr_name_length, MAX_NAME, gr_defined_length, MAX_NAME);
#12 5.157       |                                                              ^~~~~~~~
#12 5.157 /source/src/utils_lgpl/nefis/packages/nefis/include/nef-def.h:46:18: note: expanded from macro 'MAX_NAME'
#12 5.157    46 | #define MAX_NAME 16
#12 5.157       |                  ^~
#12 5.157 /source/src/tools_gpl/dfm_volume_tool/packages/dfm_api_access/src/dfm_lib_fortran_api.c:92:9: warning: expression result unused; should this cast be to 'void'? [-Wunused-value]
#12 5.157    92 |         (void*)(*proc)(*increment);
#12 5.157       |         ^    ~
#12 5.157 /source/src/utils_lgpl/nefis/packages/nefis/src/f2c.c:1249:17: warning: format specifies type 'long' but the argument has type 'BInt4' (aka 'int') [-Wformat]
#12 5.157  1247 |                 "Inqelm: User supplied array's to store element definition too small: %ld<%ld, %ld<%ld, %ld<%ld, "
#12 5.157       |                                                                                       ~~~
#12 5.157       |                                                                                       %d
#12 5.157  1248 |                 "%ld<%ld, %ld<%ld \n",
#12 5.157  1249 |                 el_name_length, MAX_NAME, el_type_length, MAX_TYPE, el_quantity_length, MAX_NAME, el_unity_length,
#12 5.157       |                 ^~~~~~~~~~~~~~
#12 5.157 /source/src/utils_lgpl/nefis/packages/nefis/src/f2c.c:1249:33: warning: format specifies type 'long' but the argument has type 'int' [-Wformat]
#12 5.157  1247 |                 "Inqelm: User supplied array's to store element definition too small: %ld<%ld, %ld<%ld, %ld<%ld, "
#12 5.157       |                                                                                           ~~~
#12 5.157       |                                                                                           %d
#12 5.157  1248 |                 "%ld<%ld, %ld<%ld \n",
#12 5.157  1249 |                 el_name_length, MAX_NAME, el_type_length, MAX_TYPE, el_quantity_length, MAX_NAME, el_unity_length,
#12 5.157       |                                 ^~~~~~~~
#12 5.157 /source/src/utils_lgpl/nefis/packages/nefis/include/nef-def.h:46:18: note: expanded from macro 'MAX_NAME'
#12 5.157    46 | #define MAX_NAME 16
#12 5.157       |                  ^~
#12 5.157 /source/src/utils_lgpl/nefis/packages/nefis/src/f2c.c:1249:43: warning: format specifies type 'long' but the argument has type 'BInt4' (aka 'int') [-Wformat]
#12 5.157  1247 |                 "Inqelm: User supplied array's to store element definition too small: %ld<%ld, %ld<%ld, %ld<%ld, "
#12 5.157       |                                                                                                ~~~
#12 5.157       |                                                                                                %d
#12 5.157  1248 |                 "%ld<%ld, %ld<%ld \n",
#12 5.157  1249 |                 el_name_length, MAX_NAME, el_type_length, MAX_TYPE, el_quantity_length, /source/src/tools_gpl/dfm_volume_tool/packages/dfm_api_access/src/dfm_lib_fortran_api.cMA:X105_:N9A:ME , warning: elexpression result unused; should this cast be to 'void'? [-Wunused-value]_u
#12 5.157 nity_length,
#12 5.157       |                                             ^~~~~~~~~~~~~~105
#12 5.157  |         (void*)(*proc)(ncid);
#12 5.157       |         ^    ~/source/src/utils_lgpl/nefis/packages/nefis/src/f2c.c
#12 5.157 :1249:59: warning: format specifies type 'long' but the argument has type 'int' [-Wformat]
#12 5.157  1247 |                 "Inqelm: User supplied array's to store element definition too small: %ld<%ld, %ld<%ld, %ld<%ld, "
#12 5.157       |                                                                                                    ~~~
#12 5.157       |                                                                                                    %d
#12 5.157  1248 |                 "%ld<%ld, %ld<%ld \n",
#12 5.157  1249 |                 el_name_length, MAX_NAME, el_type_length, MAX_TYPE, el_quantity_length, MAX_NAME, el_unity_length,
#12 5.157       |                                                           ^~~~~~~~
#12 5.157 /source/src/utils_lgpl/nefis/packages/nefis/include/nef-def.h:49:18: note: expanded from macro 'MAX_TYPE'
#12 5.157    49 | #define MAX_TYPE 8
#12 5.157       |                  ^
#12 5.158 /source/src/utils_lgpl/nefis/packages/nefis/src/f2c.c:1249:69: warning: format specifies type 'long' but the argument has type 'BInt4' (aka 'int') [-Wformat]
#12 5.158  1247 |                 "Inqelm: User supplied array's to store element definition too small: %ld<%ld, %ld<%ld, %ld<%ld, "
#12 5.159       |                                                                                                         ~~~
#12 5.159       |                                                                                                         %d
#12 5.159  1248 |                 "%ld<%ld, %ld<%ld \n",
#12 5.159  1249 |                 el_name_length, MAX_NAME, el_type_length, MAX_TYPE, el_quantity_length, MAX_NAME, el_unity_length,
#12 5.159       |                                                                     ^~~~~~~~~~~~~~~~~~
#12 5.159 /source/src/utils_lgpl/nefis/packages/nefis/src/f2c.c:1249:89: warning: format specifies type 'long' but the argument has type 'int' [-Wformat]
#12 5.159  1247 |          [  6%] Built target rr_kernel_c
#12 5.160        "Inqelm: User supplied array's to store element definition too small: %ld<%ld, %ld<%ld, %ld<%ld, "
#12 5.160       |                                                                                                             ~~~
#12 5.160       |                                                                                                             %d
#12 5.160  1248 |                 "%ld<%ld, %ld<%ld \n",
#12 5.160  1249 |                 el_name_length, MAX_NAME, el_type_length, MAX_TYPE, el_quantity_length, MAX_NAME, el_unity_length,
#12 5.160       |                                                                                         ^~~~~~~~
#12 5.160 /source/src/utils_lgpl/nefis/packages/nefis/include/nef-def.h:46:18: note: expanded from macro 'MAX_NAME'
#12 5.160    46 | #define MAX_NAME 16
#12 5.160       |                  ^~
#12 5.160 /source/src/utils_lgpl/nefis/packages/nefis/src/f2c.c:1249:99: warning: format specifies type 'long' but the argument has type 'BInt4' (aka 'int') [-Wformat]
#12 5.160  1248 |                 "%ld<%ld, %ld<%ld \n",
#12 5.160       |                  ~~~
#12 5.160       |                  %d
#12 5.160  1249 |                 el_name_length, MAX_NAME, el_type_length, MAX_TYPE, el_quantity_length, MAX_NAME, el_unity_length,
#12 5.160       |                                                                                                   ^~~~~~~~~~~~~~~
#12 5.160 /source/src/utils_lgpl/nefis/packages/nefis/src/f2c.c:1250:17: warning: format specifies type 'long' but the argument has type 'int' [-Wformat]
#12 5.160  1248 |                 "%ld<%ld, %ld<%ld \n",
#12 5.160       |                      ~~~
#12 5.160       |                      %d
#12 5.160  1249 |                 el_name_length, MAX_NAME, el_type_length, MAX_TYPE, el_quantity_length, MAX_NAME, el_unity_length,
#12 5.160  1250 |                 MAX_NAME, el_desc_length, MAX_DESC);
#12 5.160       |                 ^~~~~~~~
#12 5.160 /source/src/utils_lgpl/nefis/packages/nefis/include/nef-def.h:46:18: note: expanded from macro 'MAX_NAME'
#12 5.160    46 | #define MAX_NAME 16
#12 5.160       |                  ^~
#12 5.160 /source/src/utils_lgpl/nefis/packages/nefis/src/f2c.c:1250:27: warning: format specifies type 'long' but the argument has type 'BInt4' (aka 'int') [-Wformat]
#12 5.160  1248 |                 "%ld<%ld, %ld<%ld \n",
#12 5.160       |                           ~~~
#12 5.160       |                           %d
#12 5.160  1249 |                 el_name_length, MAX_NAME, el_type_length, MAX_TYPE, el_quantity_length, MAX_NAME, el_unity_length,
#12 5.160  1250 |                 MAX_NAME, el_desc_length, MAX_DESC);
#12 5.160       |                           ^~~~~~~~~~~~~~
#12 5.160 /source/src/utils_lgpl/nefis/packages/nefis/src/f2c.c:1250:43: warning: format specifies type 'long' but the argument has type 'int' [-Wformat]
#12 5.160  1248 |                 "%ld<%ld, %ld<%ld \n",
#12 5.160       |                               ~~~
#12 5.160       |                               %d
#12 5.160  1249 |                 el_name_length, MAX_NAME, el_type_length, MAX_TYPE, el_quantity_length, MAX_NAME, el_unity_length,
#12 5.160  1250 |                 MAX_NAME, el_desc_length, MAX_DESC);
#12 5.160       |                                           ^~~~~~~~
#12 5.160 /source/src/utils_lgpl/nefis/packages/nefis/include/nef-def.h:44:18: note: expanded from macro 'MAX_DESC'
#12 5.160    44 | #define MAX_DESC 64
#12 5.160       |                  ^~
#12 5.160 [  6%] Building CXX object delftio_shm/CMakeFiles/delftio_shm.dir/src/diof90/dio_shm_sync.cpp.o
#12 5.160 /source/src/utils_lgpl/nefis/packages/nefis/src/f2c.c:1299:21: warning: format specifies type 'long' but the argument has type 'BInt4' (aka 'int') [-Wformat]
#12 5.160  1298 |             sprintf(error_text, "Inqfel: User supplied array to contain element names too small: %ld<%ld \n",
#12 5.160       |                                                                                                  ~~~
#12 5.160       |                                                                                                  %d
#12 5.161  1299 |                     *el_num_dim, elm_num_dim);
#12 5.161       |                     ^~~~~~~~~~~
#12 5.161 /source/src/utils_lgpl/nefis/packages/nefis/src/f2c.c:1299:34: warning: format specifies type 'long' but the argument has type 'BInt4' (aka 'int') [-Wformat]
#12 5.161  1298 |             sprintf(error_text, "Inqfel: User supplied array to contain element names too small: %ld<%ld \n",
#12 5.161       |                                                                                                      ~~~
#12 5.161       |                                                                                                      %d
#12 5.161  1299 |                     *el_num_dim, elm_num_dim);
#12 5.161       |                                  ^~~~~~~~~~~
#12 5.162 [  6%] Built target control_lib
#12 5.163 /source/src/utils_lgpl/nefis/packages/nefis/src/f2c.c:1382:17[  6%] Building CXX object rr_walrus_c/CMakeFiles/rr_walrus_c.dir/src/WalrusInterface.cpp.o
#12 5.163 : warning: format specifies type 'long' but the argument has type 'BInt4' (aka 'int') [-Wformat]
#12 5.163  1380 |                 "Inqelm: User supplied array's to store element definition too small: %ld<%ld, %ld<%ld, %ld<%ld, "
#12 5.165       |                                                                                       ~~~
#12 5.165       |                                                                                       %d
#12 5.165  1381 |                 "%ld<%ld, %ld<%ld \n",
#12 5.165  1382 |                 el_name_length, MAX_NAME, el_type_length, MAX_TYPE, el_quantity_length, MAX_NAME, el_unity_length,
#12 5.167       |                 ^~~~~~~~~~~~~~
#12 5.167 /source/src/utils_lgpl/nefis/packages/nefis/src/f2c.c:1382:33: warning: format specifies type 'long' but the argument has type 'int' [-Wformat]
#12 5.169  1380 |                 "Inqelm: User suppli[  7%] Built target rr_rtc_tools
#12 5.171 ed array's to store element definition too small: %ld<%ld, %ld<%ld, %ld<%ld, "
#12 5.171       |                                                                                           ~~~
#12 5.171       |                                                                                           %d
#12 5.171  1381 |                 "%ld<%ld, %ld<%ld \n",
#12 5.171  1382 |                 el_name_length, MAX_NAME, el_type_length, MAX_TYPE, el_quantity_length, MAX_NAME, el_unity_length,
#12 5.171       |                                 ^~~~~~~~
#12 5.171 /source/src/utils_lgpl/nefis/packages/nefis/include/nef-def.h:46:18: note: expanded from macro 'MAX_NAME'
#12 5.171    46 | #define MAX_NAME 16
#12 5.171       |                  ^~
#12 5.171 /source/src/utils_lgpl/nefis/packages/nefis/src/f2c.c:1382:43: warning: format specifies type 'long' but the argument has type 'BInt4' (aka 'int') [-Wformat]
#12 5.171  1380 |                 "Inqelm: User supplied array's to store element definition too small: %ld<%ld, %ld<%ld, %ld<%ld, "
#12 5.173       |                                                                                                ~~~
#12 5.173       |                                                                                                %d
#12 5.173  1381 |                 "%ld<%ld, %ld<%ld \n",
#12 5.173  1382 |                 el_name_length, MAX_NAME, el_type_length, MAX_TYPE, el_quantity_length, MAX_NAME, el_unity_length,
#12 5.173       |                                           ^~~~~~~~~~~~~~
#12 5.173 /source/src/utils_lgpl/nefis/packages/nefis/src/f2c.c:1382:59: warning: format specifies type 'long' but the argument has type 'int' [-Wformat]
#12 5.173  1380 |                 "Inqelm: User supplied array's to store element definition too small: %ld<%ld, %ld<%ld, %ld<%ld, "
#12 5.173       |                                                                                                    ~~~
#12 5.173       |                                                                                                    %d
#12 5.173  1381 |                 "%ld<%ld, %ld<%ld \n",
#12 5.173  1382 |                 el_name_length, MAX_NAME, el_type_length, MAX_TYPE, el_quantity_length, MAX_NAME, el_unity_length,
#12 5.173       |                                                           ^~~~~~~~
#12 5.173 /source/src/utils_lgpl/nefis/packages/nefis/include/nef-def.h:49:18: note: expanded from macro 'MAX_TYPE'
#12 5.173    49 | #define MAX_TYPE 8
#12 5.173       |                  ^
#12 5.173 /source/src/utils_lgpl/nefis/packages/nefis/src/f2c.c:1382:69: warning: format specifies type 'long' but the argument has type 'BInt4' (aka 'int') [-Wformat]
#12 5.173  1380 |                 "Inqelm: User supplied array's to store element definition too small: %ld<%ld, %ld<%ld, %ld<%ld, "
#12 5.173       |                                                                                                         ~~~
#12 5.173       |                                                                                                         %d
#12 5.173  1381 |                 "%ld<%ld, %ld<%ld \n",
#12 5.173  1382 |                 el_name_length, MAX_NAME, el_type_length, MAX_TYPE, el_quantity_length, MAX_NAME, el_unity_length,
#12 5.173       |                                                                     ^~~~~~~~~~~~~~~~~~
#12 5.173 /source/src/utils_lgpl/nefis/packages/nefis/src/f2c.c:1382:89: warning: format specifies type 'long' but the argument has type 'int' [-Wformat]
#12 5.173  1380 |                 "Inqelm: User supplied array's to store element definition too small: %ld<%ld, %ld<%ld, %ld<%ld, "
#12 5.173       |                                                                                                             ~~~
#12 5.173       |                                                                                                             %d
#12 5.173  1381 |                 "%ld<%ld, %ld<%ld \n",
#12 5.173  1382 |                 el_name_length, MAX_NAME, el_type_length, MAX_TYPE, el_quantity_length, MAX_NAME, el_unity_length,
#12 5.173       |                                                                                         ^~~~~~~~
#12 5.173 /source/src/utils_lgpl/nefis/packages/nefis/include/nef-def.h:46:18: note: expanded from macro 'MAX_NAME'
#12 5.173    46 | #define MAX_NAME 16
#12 5.173       |                  ^~
#12 5.173 /source/src/utils_lgpl/nefis/packages/nefis/src/f2c.c:1382:99: warning: format specifies type 'long' but the argument has type 'BInt4' (aka 'int') [-Wformat]
#12 5.173  1381 |                 "%ld<%ld, %ld<%ld \n",
#12 5.173       |                  ~~~
#12 5.173       |                  %d
#12 5.173  1382 |                 el_name_length, MAX_NAME, el_type_length, MAX_TYPE, el_quantity_length, MAX_NAME, el_unity_length,
#12 5.173       |                                                                                                   ^~~~~~~~~~~~~~~
#12 5.173 /source/src/utils_lgpl/nefis/packages/nefis/src/f2c.c:1383:17: warning: format specifies type 'long' but the argument has type 'int' [-Wformat]
#12 5.173  1381 |                 "%ld<%ld, %ld<%ld \n",
#12 5.173       |                      ~~~
#12 5.173       |                      %d
#12 5.173  1382 |                 el_name_length, MAX_NAME, el_type_length, MAX_TYPE, el_quantity_length, MAX_NAME, el_unity_length,
#12 5.173  1383 |                 MAX_NAME, el_desc_length, MAX_DESC);
#12 5.173       |                 ^~~~~~~~
#12 5.173 /source/src/utils_lgpl/nefis/packages/nefis/include/nef-def.h:46:18: note: expanded from macro 'MAX_NAME'
#12 5.173    46 | #define MAX_NAME 16
#12 5.173       |                  ^~
#12 5.173 /source/src/utils_lgpl/nefis/packages/nefis/src/f2c.c:1383:27: warning: format specifies type 'long' but the argument has type 'BInt4' (aka 'int') [-Wformat]
#12 5.173  1381 |                 "%ld<%ld, %ld<%ld \n",
#12 5.173       |                           ~~~
#12 5.173       |                           %d
#12 5.173  1382 |                 el_name_length, MAX_NAME, el_type_length, MAX_TYPE, el_quantity_length, MAX_NAME, el_unity_length,
#12 5.173  1383 |                 MAX_NAME, el_desc_length, MAX_DESC);
#12 5.173       |                           ^~~~~~~~~~~~~~
#12 5.173 /source/src/utils_lgpl/nefis/packages/nefis/src/f2c.c:1383:43: warning: format specifies type 'long' but the argument has type 'int' [-Wformat]
#12 5.173  1381 |                 "%ld<%ld, %ld<%ld \n",
#12 5.173       |                               ~~~
#12 5.173       |                               %d
#12 5.173  1382 |                 el_name_length, MAX_NAME, el_type_length, MAX_TYPE, el_quantity_length, MAX_NAME, el_unity_length,
#12 5.173  1383 |                 MAX_NAME, el_desc_length, MAX_DESC);
#12 5.173       |                                           ^~~~~~~~
#12 5.173 /source/src/utils_lgpl/nefis/packages/nefis/include/nef-def.h:44:18: note: expanded from macro 'MAX_DESC'
#12 5.173    44 | #define MAX_DESC 64
#12 5.173       |                  ^~
#12 5.174 [  7%] Built target morphology_plugins_c
#12 5.174 /source/src/utils_lgpl/nefis/packages/nefis/src/f2c.c:1432:21: warning: format specifies type 'long' but the argument has type 'BInt4' (aka 'int') [-Wformat]
#12 5.174  1431 |             sprintf(error_text, "Inqfel: User supplied array to contain element names too small: %ld<%ld \n",
#12 5.175       |                                                                                                  ~~~
#12 5.175       |                                                                                                  %d
#12 5.175  1432 |                     *el_num_dim, elm_num_dim);
#12 5.175       |                     ^~~~~~~~~~~
#12 5.175 /source/src/utils_lgpl/nefis/packages/nefis/src/f2c.c:1432:34: warning: format specifies type 'long' but the argument has type 'BInt4' (aka 'int') [-Wformat]
#12 5.175  1431 |             sprintf(error_text, "Inqfel: User supplied array to contain element names too small: %ld<%ld \n",
#12 5.175       |                                                                                                      ~~~
#12 5.175       |                                                                                                      %d
#12 5.175  1432 |                     *el_num_dim, elm_num_dim);
#12 5.175       |                                  ^~~~~~~~~~~
#12 5.176 /source/src/utils_lgpl/nefis/packages/nefis/src/f2c.c:1493:17: warning: format specifies type 'long' but the argument has type 'BInt4' (aka 'int') [-Wformat]
#12 5.176  1492 |         sprintf(error_text, "Inqfcl: Supplied array too small to contain all element names: \'%s\' %ld>%d \n", cl_name,
#12 5.176       |                                                                                                    ~~~
#12 5.176       |                                                                                                    %d
#12 5.176  1493 |                 el_names_length, MAX_NAME);
#12 5.176       |                 ^~~~~~~~~~~~~~~
#12 5.177 /source/src/utils_lgpl/nefis/packages/nefis/src/f2c.c:1515:31: warning: format specifies type 'long' but the argument has type 'BUInt4' (aka 'unsigned int') [-Wformat]
#12 5.179 2 warnings generated.
#12 5.181  1514 |             sprintf(error_text, "Inqfcl: User supplied array too small to contain Cell properties: \'%s\' %ld>%ld \n",
#12 5.181       |                                                                                                           ~~~
#12 5.181       |                                                                                                           %u
#12 5.181  1515 |                     cel_name, cel_num_dim, *cl_num_dim);
#12 5.181       |                               ^~~~~~~~~~~
#12 5.181 /source/src/utils_lgpl/nefis/packages/nefis/src/f2c.c:1515:44: warning: format specifies type 'long' but the argument has type 'BInt4' (aka 'int') [-Wformat]
#12 5.181  1514 |             sprintf(error_text, "Inqfcl: User supplied array too small to contain Cell properties: \'%s\' %ld>%ld \n",
#12 5.181       |                                                                                                               ~~~
#12 5.181       |                                                                                                               %d
#12 5.181  1515 |                     cel_name, cel_num_dim, *cl_num_dim);
#12 5.181       |                                            ^~~~~~~~~~~
#12 5.182 /source/src/utils_lgpl/nefis/packages/nefis/src/f2c.c:1579:17: warning: format specifies type 'long' but the argument has type 'BInt4' (aka 'int') [-Wformat]
#12 5.182  1578 |         sprintf(error_text, "Inqfcl: Supplied array too small to contain all element names: \'%s\' %ld>%d \n", cl_name,
#12 5.182       |                                                                                                    ~~~
#12 5.182       |                                                                                                    %d
#12 5.182  1579 |                 el_names_length, MAX_NAME);
#12 5.182       |                 ^~~~~~~~~~~~~~~
#12 5.183 /source/src/utils_lgpl/nefis/packages/nefis/src/f2c.c:1601:31: warning: format specifies type 'long' but the argument has type 'BUInt4' (aka 'unsigned int') [-Wformat]
#12 5.183  1600 |             sprintf(error_text, "Inqncl: User supplied array too small to contain Cell properties: \'%s\' %ld>%ld \n",
#12 5.184       |                                                                                                           ~~~
#12 5.184       |                                                                                                           %u
#12 5.184  1601 |                     cel_name, cel_num_dim, *cl_num_dim);
#12 5.184       |                               ^~~~~~~~~~~
#12 5.184 /source/src/utils_lgpl/nefis/packages/nefis/src/f2c.c:1601:44: warning: format specifies type 'long' but the argument has type 'BInt4' (aka 'int') [-Wformat]
#12 5.185  1600 |             sprintf(error_text, "Inqncl: User supplied array too small to contain Cell properties: \'%s\' %ld>%ld \n",
#12 5.185       |                                                                                                               ~~~
#12 5.185       |                                                                                                               %d
#12 5.185  1601 |                     cel_name, cel_num_dim, *cl_num_dim);
#12 5.185       |                                            ^~~~~~~~~~~
#12 5.186 /source/src/utils_lgpl/nefis/packages/nefis/src/f2c.c:1665:17: warning: format specifies type 'long' but the argument has type 'BInt4' (aka 'int') [-Wformat]
#12 5.186  1664 |         sprintf(error_text, "Inqfgr: User supplied array to contain names too small: %ld<%ld, %ld<%ld \n",
#12 5.186       |                                                                                      ~~~
#12 5.186       |                                                                                      %d
#12 5.186  1665 |                 gr_name_length, MAX_NAME, cl_name_length, MAX_NAME);
#12 5.186       |                 ^~~~~~~~~~~~~~
#12 5.187 /source/src/utils_lgpl/nefis/packages/nefis/src/f2c.c:1665:33: warning: format specifies type 'long' but the argument has type 'int' [-Wformat]
#12 5.187  1664 |         sprintf(error_text, "Inqfgr: User supplied array to contain names too small: %ld<%ld, %ld<%ld \n",
#12 5.187       |                                                                                          ~~~
#12 5.187       |                                                                                          %d
#12 5.187  1665 |                 gr_name_length, MAX_NAME, cl_name_length, MAX_NAME);
#12 5.187       |                                 ^~~~~~~~
#12 5.187 /source/src/utils_lgpl/nefis/packages/nefis/include/nef-def.h:46:18: note: expanded from macro 'MAX_NAME'
#12 5.187    46 | #define MAX_NAME 16
#12 5.187       |                  ^~
#12 5.187 /source/src/utils_lgpl/nefis/packages/nefis/src/f2c.c:1665:43: warning: format specifies type 'long' but the argument has type 'BInt4' (aka 'int') [-Wformat]
#12 5.187  1664 |         sprintf(error_text, "Inqfgr: User supplied array to contain names too small: %ld<%ld, %ld<%ld \n",
#12 5.187       |                                                                                               ~~~
#12 5.187       |                                                                                               %d
#12 5.187  1665 |                 gr_name_length, MAX_NAME, cl_name_length, MAX_NAME);
#12 5.187       |                                           ^~~~~~~~~~~~~~
#12 5.187 /source/src/utils_lgpl/nefis/packages/nefis/src/f2c.c:1665:59: warning: format specifies type 'long' but the argument has type 'int' [-Wformat]
#12 5.187  1664 |         sprintf(error_text, "Inqfgr: User supplied array to contain names too small: %ld<%ld, %ld<%ld \n",
#12 5.188       |                                                                                                   ~~~
#12 5.188       |                                                                                                   %d
#12 5.188  1665 |                 gr_name_length, MAX_NAME, cl_name_length, MAX_NAME);
#12 5.189       |                                                           ^~~~~~~~
#12 5.189 /source/src/utils_lgpl/nefis/packages/nefis/include/nef-def.h:46:18: note: expanded from macro 'MAX_NAME'
#12 5.189    46 | #define MAX_NAME 16
#12 5.189       |                  ^~
#12 5.189 /source/src/utils_lgpl/nefis/packages/nefis/src/f2c.c:1687:31: warning: format specifies type 'long' but the argument has type 'BInt4' (aka 'int') [-Wformat]
#12 5.189  1686 |             sprintf(error_text, "Inqfgr: User supplied array too small to contain group properties: \'%s\' %ld>%ld \n",
#12 5.190       |                                                                                                            ~~~
#12 5.190       |                                                                                                            %d
#12 5.190  1687 |                     grp_name, grp_num_dim, *gr_num_dim);
#12 5.190       |                               ^~~~~~~~~~~
#12 5.191 /source/src/utils_lgpl/nefis/packages/nefis/src/f2c.c:1687:44: warning: format specifies type 'long' but the argument has type 'BInt4' (aka 'int') [-Wformat]
#12 5.191  1686 |             sprintf(error_text, "Inqfgr: User supplied array too small to contain group properties: \'%s\' %ld>%ld \n",
#12 5.191       |                                                                                                                ~~~
#12 5.191       |                                                                                                                %d
#12 5.191  1687 |                     grp_name, grp_num_dim, *gr_num_dim);
#12 5.191       |                                            ^~~~~~~~~~~
#12 5.191 8 warnings generated.
#12 5.192 /source/src/utils_lgpl/nefis/packages/nefis/src/f2c.c:1753:17: warning: format specifies type 'long' but the argument has type 'BInt4' (aka 'int') [-Wformat]
#12 5.192  1752 |         sprintf(error_text, "Inqfgr: User supplied array to contain names too small: %ld<%ld, %ld<%ld \n",
#12 5.192       |                                                                                      ~~~
#12 5.192       |                                                                                      %d
#12 5.192  1753 |                 gr_name_length, MAX_NAME, cl_name_length, MAX_NAME);
#12 5.192       |                 ^~~~~~~~~~~~~~
#12 5.193 /source/src/utils_lgpl/nefis/packages/nefis/src/f2c.c:1753:33: warning: format specifies type 'long' but the argument has type 'int' [-Wformat]
#12 5.193  1752 |         sprintf(error_text, "Inqfgr: User supplied array to contain names too small: %ld<%ld, %ld<%ld \n",
#12 5.193       |                                                                                          ~~~
#12 5.193       |                                                                                          %d
#12 5.193  1753 |                 gr_name_length, MAX_NAME, cl_name_length, MAX_NAME);
#12 5.193       |                                 ^~~~~~~~
#12 5.193 /source/src/utils_lgpl/nefis/packages/nefis/include/nef-def.h:46:18: note: expanded from macro 'MAX_NAME'
#12 5.193    46 | #define MAX_NAME 16
#12 5.193       |                  ^~
#12 5.194 /source/src/utils_lgpl/nefis/packages/nefis/src/f2c.c:1753:43: warning: format specifies type 'long' but the argument has type 'BInt4' (aka 'int') [-Wformat]
#12 5.194  1752 |         sprintf(error_text, "Inqfgr: User supplied array to contain names too small: %ld<%ld, %ld<%ld \n",
#12 5.194       |                                                                                               ~~~
#12 5.194       |                                                                                               %d
#12 5.194  1753 |                 gr_name_length, MAX_NAME, cl_name_length, MAX_NAME);
#12 5.194       |                                           ^~~~~~~~~~~~~~
#12 5.194 /source/src/utils_lgpl/nefis/packages/nefis/src/f2c.c:1753:59: warning: format specifies type 'long' but the argument has type 'int' [-Wformat]
#12 5.194  1752 |         sprintf(error_text, "Inqfgr: User supplied array to contain names too small: %ld<%ld, %ld<%ld \n",
#12 5.194       |                                                                                                   ~~~
#12 5.194       |                                                                                                   %d
#12 5.194  1753 |                 gr_name_length, MAX_NAME, cl_name_length, MAX_NAME);
#12 5.194       |                                                           ^~~~~~~~
#12 5.194 /source/src/utils_lgpl/nefis/packages/nefis/include/nef-def.h:46:18: note: expanded from macro 'MAX_NAME'
#12 5.194    46 | #define MAX_NAME 16
#12 5.194       |                  ^~
#12 5.194 /source/src/utils_lgpl/nefis/packages/nefis/src/f2c.c:1775:31: warning: format specifies type 'long' but the argument has type 'BInt4' (aka 'int') [-Wformat]
#12 5.194  1774 |             sprintf(error_text, "Inqngr: User supplied array too small to contain group properties: \'%s\' %ld>%ld \n",
#12 5.194       |                                                                                                            ~~~
#12 5.194       |                                                                                                            %d
#12 5.194  1775 |                     grp_name, grp_num_dim, *gr_num_dim);
#12 5.194       |                               ^~~~~~~~~~~
#12 5.194 /source/src/utils_lgpl/nefis/packages/nefis/src/f2c.c:1775:44: warning: format specifies type 'long' but the argument has type 'BInt4' (aka 'int') [-Wformat]
#12 5.194  1774 |             sprintf(error_text, "Inqngr: User supplied array too small to contain group properties: \'%s\' %ld>%ld \n",
#12 5.194       |                                                                                                                ~~~
#12 5.194       |                                                                                                                %d
#12 5.194  1775 |                     grp_name, grp_num_dim, *gr_num_dim);
#12 5.194       |                                            ^~~~~~~~~~~
#12 5.195 /source/src/utils_lgpl/nefis/packages/nefis/src/f2c.c:1828:17: warning: format specifies type 'long' but the argument has type 'BInt4' (aka 'int') [-Wformat]
#12 5.195  1827 |         sprintf(error_text, "Inqfia: User supplied array to contain integer attribute names too small: %ld<%ld\n",
#12 5.195       |                                                                                                        ~~~
#12 5.195       |                                                                                                        %d
#12 5.195  1828 |                 at_name_length, MAX_NAME);
#12 5.195       |                 ^~~~~~~~~~~~~~
#12 5.195 /source/src/utils_lgpl/nefis/packages/nefis/src/f2c.c:1828:33: warning: format specifies type 'long' but the argument has type 'int' [-Wformat]
#12 5.195  1827 |         sprintf(error_text, "Inqfia: User supplied array to contain integer attribute names too small: %ld<%ld\n",
#12 5.195       |                                                                                                            ~~~
#12 5.195       |                                                                                                            %d
#12 5.195  1828 |                 at_name_length, MAX_NAME);
#12 5.195       |                                 ^~~~~~~~
#12 5.195 /source/src/utils_lgpl/nefis/packages/nefis/include/nef-def.h:46:18: note: expanded from macro 'MAX_NAME'
#12 5.195    46 | #define MAX_NAME 16
#12 5.195       |                  ^~
#12 5.195 /source/src/utils_lgpl/nefis/packages/nefis/src/f2c.c:1884:17: warning: format specifies type 'long' but the argument has type 'BInt4' (aka 'int') [-Wformat]
#12 5.195  1883 |         sprintf(error_text, "Inqfra: User supplied array to contain real attribute names too small: %ld<%ld\n",
#12 5.196       |                                                                                                     ~~~
#12 5.196       |                                                                                                     %d
#12 5.196  1884 |                 at_name_length, MAX_NAME);
#12 5.196       |                 ^~~~~~~~~~~~~~
#12 5.196 /source/src/utils_lgpl/nefis/packages/nefis/src/f2c.c:1884:33: warning: format specifies type 'long' but the argument has type 'int' [-Wformat]
#12 5.196  1883 |         sprintf(error_text, "Inqfra: User supplied array to contain real attribute names too small: %ld<%ld\n",
#12 5.196       |                                                                                                         ~~~
#12 5.196       |                                                                                                         %d
#12 5.196  1884 |                 at_name_length, MAX_NAME);
#12 5.196       |                                 ^~~~~~~~
#12 5.196 /source/src/utils_lgpl/nefis/packages/nefis/include/nef-def.h:46:18: note: expanded from macro 'MAX_NAME'
#12 5.196    46 | #define MAX_NAME 16
#12 5.199       |                  ^~
#12 5.199 /source/src/utils_lgpl/nefis/packages/nefis/src/f2c.c:1941:17: warning: format specifies type 'long' but the argument has type 'BInt4' (aka 'int') [-Wformat]
#12 5.199  1940 |                 "Inqfsa: User supplied array to contain string attribute names too small: %ld<%ld, %ld<%ld\n",
#12 5.199       |                                                                                           ~~~
#12 5.199       |                                                                                           %d
#12 5.199  1941 |                 at_name_length, MAX_NAME, at_value_length, MAX_NAME);
#12 5.199       |                 ^~~~~~~~~~~~~~
#12 5.199 /source/src/utils_lgpl/nefis/packages/nefis/src/f2c.c:1941:33: warning: format specifies type 'long' but the argument has type 'int' [-Wformat]
#12 5.199  1940 |                 "Inqfsa: User supplied array to contain string attribute names too small: %ld<%ld, %ld<%ld\n",
#12 5.199       |                                                                                               ~~~
#12 5.199       |                                                                                               %d
#12 5.199  1941 |                 at_name_length, MAX_NAME, at_value_length, MAX_NAME);
#12 5.199       |                                 ^~~~~~~~
#12 5.199 /source/src/utils_lgpl/nefis/packages/nefis/include/nef-def.h:46:18: note: expanded from macro 'MAX_NAME'
#12 5.199    46 | #define MAX_NAME 16
#12 5.199       |                  ^~
#12 5.199 /source/src/utils_lgpl/nefis/packages/nefis/src/f2c.c:1941:43: warning: format specifies type 'long' but the argument has type 'BInt4' (aka 'int') [-Wformat]
#12 5.199  1940 |                 "Inqfsa: User supplied array to contain string attribute names too small: %ld<%ld, %ld<%ld\n",
#12 5.199       |                                                                                                    ~~~
#12 5.199       |                                                                                                    %d
#12 5.199  1941 |                 at_name_length, MAX_NAME, at_value_length, MAX_NAME);
#12 5.199       |                                           ^~~~~~~~~~~~~~~
#12 5.199 /source/src/utils_lgpl/nefis/packages/nefis/src/f2c.c:1941:60: warning: format specifies type 'long' but the argument has type 'int' [-Wformat]
#12 5.199  1940 |                 "Inqfsa: User supplied array to contain string attribute names too small: %ld<%ld, %ld<%ld\n",
#12 5.199       |                                                                                                        ~~~
#12 5.199       |                                                                                                        %d
#12 5.199  1941 |                 at_name_length, MAX_NAME, at_value_length, MAX_NAME);
#12 5.199       |                                                            ^~~~~~~~
#12 5.199 /source/src/utils_lgpl/nefis/packages/nefis/include/nef-def.h:46:18: note: expanded from macro 'MAX_NAME'
#12 5.199    46 | #define MAX_NAME 16
#12 5.199       |                  ^~
#12 5.200 /source/src/utils_lgpl/nefis/packages/nefis/src/f2c.c:2016:21: warning: format specifies type 'long' but the argument has type 'BInt4' (aka 'int') [-Wformat]
#12 5.200  2015 |             sprintf(error_text, "Inqgrp: User supplied array to contain group dimensions too small: %ld<%ld\n",
#12 5.200       |                                                                                                     ~~~
#12 5.200       |                                                                                                     %d
#12 5.200  2016 |                     *gr_num_dim, grp_num_dim);
#12 5.200       |                     ^~~~~~~~~~~
#12 5.200 /source/src/utils_lgpl/nefis/packages/nefis/src/f2c.c:2016:34: warning: format specifies type 'long' but the argument has type 'BUInt4' (aka 'unsigned int') [-Wformat]
#12 5.200  2015 |             sprintf(error_text, "Inqgrp: User supplied array to contain group dimensions too small: %ld<%ld\n",
#12 5.200       |                                                                                                         ~~~
#12 5.200       |                                                                                                         %u
#12 5.200  2016 |                     *gr_num_dim, grp_num_dim);
#12 5.200       |                                  ^~~~~~~~~~~
#12 5.201 /source/src/utils_lgpl/nefis/packages/nefis/src/f2c.c:2079:17: warning: format specifies type 'long' but the argument has type 'BInt4' (aka 'int') [-Wformat]
#12 5.201  2078 |         sp[  7%] Linking C static library libdfm_api_access.a
#12 5.201 rintf(error_text, "Inqnxt: User supplied array to contain names too small: %ld<%ld, %ld<%ld\n",
#12 5.202       |                                                                                      ~~~
#12 5.202       |                                                                                      %d
#12 5.202  2079 |                 gr_name_length, MAX_NAME, gr_defined_length, MAX_NAME);
#12 5.202       |                 ^~~~~~~~~~~~~~
#12 5.203 /source/src/utils_lgpl/nefis/packages/nefis/src/f2c.c:2079:33: warning: format specifies type 'long' but the argument has type 'int' [-Wformat]
#12 5.203  2078 |         sprintf(error_text, "Inqnxt: User supplied array to contain names too small: %ld<%ld, %ld<%ld\n",
#12 5.203       |                                                                                          ~~~
#12 5.203       |                                                                                          %d
#12 5.203  2079 |                 gr_name_length, MAX_NAME, gr_defined_length, MAX_NAME);
#12 5.203       |                                 ^~~~~~~~
#12 5.205 /source/src/utils_lgpl/nefis/packages/nefis/include/nef-def.h:46:18: note: expanded from macro 'MAX_NAME'
#12 5.205    46 | #define MAX_NAME 16
#12 5.205       |                  ^~
#12 5.205 /source/src/utils_lgpl/nefis/packages/nefis/src/f2c.c:2079:43: warning: format specifies type 'long' but the argument has type 'BInt4' (aka 'int') [-Wformat]
#12 5.205  2078 |         sprintf(error_text, "Inqnxt: User supplied array to contain names too small: %ld<%ld, %ld<%ld\n",
#12 5.205       |                                                                                               ~~~
#12 5.205       |                                                                                               %d
#12 5.205  2079 |                 gr_name_length, MAX_NAME, gr_defined_length, MAX_NAME);
#12 5.205       |                                           ^~~~~~~~~~~~~~~~~
#12 5.205 /source/src/utils_lgpl/nefis/packages/nefis/src/f2c.c:2079:62: warning: format specifies type 'long' but the argument has type 'int' [-Wformat]
#12 5.205  2078 |         sprintf(error_text, "Inqnxt: User supplied array to contain names too small: %ld<%ld, %ld<%ld\n",
#12 5.205       |                                                                                                   ~~~
#12 5.205       |                                                                                                   %d
#12 5.205  2079 |                 gr_name_length, MAX_NAME, gr_defined_length, MAX_NAME);
#12 5.205       |                                                              ^~~~~~~~
#12 5.205 /source/src/utils_lgpl/nefis/packages/nefis/include/nef-def.h:46:18: note: expanded from macro 'MAX_NAME'
#12 5.205    46 | #define MAX_NAME 16
#12 5.205       |                  ^~
#12 5.205 /source/src/utils_lgpl/nefis/packages/nefis/src/f2c.c:2131:17: warning: format specifies type 'long' but the argument has type 'BInt4' (aka 'int') [-Wformat]
#12 5.205  2130 |         sprintf(error_text, "Inqnia: User supplied array to contain integer attribute names too small: %ld<%ld\n",
#12 5.205       |                                                                                                        ~~~
#12 5.205       |                                                                                                        %d
#12 5.205  2131 |                 at_name_length, MAX_NAME);
#12 5.205       |                 ^~~~~~~~~~~~~~
#12 5.205 /source/src/utils_lgpl/nefis/packages/nefis/src/f2c.c:2131:33: warning: format specifies type 'long' but the argument has type 'int' [-Wformat]
#12 5.205  2130 |         sprintf(error_text, "Inqnia: User supplied array to contain integer attribute names too small: %ld<%ld\n",
#12 5.205       |                                                                                                            ~~~
#12 5.205       |                                                                                                            %d
#12 5.205  2131 |                 at_name_length, MAX_NAME);
#12 5.205       |                                 ^~~~~~~~
#12 5.205 /source/src/utils_lgpl/nefis/packages/nefis/include/nef-def.h:46:18: note: expanded from macro 'MAX_NAME'
#12 5.205    46 | #define MAX_NAME 16
#12 5.205       |                  ^~
#12 5.205 /source/src/utils_lgpl/nefis/packages/nefis/src/f2c.c:2178:17: warning: format specifies type 'long' but the argument has type 'BInt4' (aka 'int') [-Wformat]
#12 5.205  2177 |         sprintf(error_text, "Inqnra: User supplied array to contain real attribute names too small: %ld<%ld\n",
#12 5.205       |                                                                                                     ~~~
#12 5.205       |                                                                                                     %d
#12 5.205  2178 |                 at_name_length, MAX_NAME);
#12 5.206       |                 ^~~~~~~~~~~~~~
#12 5.206 /source/src/utils_lgpl/nefis/packages/nefis/src/f2c.c:2178:33: warning: format specifies type 'long' but the argument has type 'int' [-Wformat]
#12 5.206  2177 |         sprintf(error_text, "Inqnra: User supplied array to contain real attribute names too small: %ld<%ld\n",
#12 5.206       |                                                                                                         ~~~
#12 5.206       |                                                                                                         %d
#12 5.206  2178 |                 at_name_length, MAX_NAME);
#12 5.207       |                                 ^~~~~~~~
#12 5.207 /source/src/utils_lgpl/nefis/packages/nefis/include/nef-def.h:46:18: note: expanded from macro 'MAX_NAME'
#12 5.207    46 | #define MAX_NAME 16
#12 5.207       |                  ^~
#12 5.207 /source/src/utils_lgpl/nefis/packages/nefis/src/f2c.c:2227:17: warning: format specifies type 'long' but the argument has type 'BInt4' (aka 'int') [-Wformat]
#12 5.207  2226 |                 "Inqnra: User supplied array to contain string attributes (name/value) too small: %ld<%ld,  %ld<%ld\n",
#12 5.207       |                                                                                                   ~~~
#12 5.207       |                                                                                                   %d
#12 5.207  2227 |                 at_name_length, MAX_NAME, at_value_length, MAX_NAME);
#12 5.207       |                 ^~~~~~~~~~~~~~
#12 5.207 /source/src/utils_lgpl/nefis/packages/nefis/src/f2c.c:2227:33: warning: format specifies type 'long' but the argument has type 'int' [-Wformat]
#12 5.207  2226 |                 "Inqnra: User supplied array to contain string attributes (name/value) too small: %ld<%ld,  %ld<%ld\n",
#12 5.207       |                                                                                                       ~~~
#12 5.207       |                                                                                                       %d
#12 5.208  2227 |                 at_name_length, MAX_NAME, at_value_length, MAX_NAME);
#12 5.208       |                                 ^~~~~~~~
#12 5.208 /source/src/utils_lgpl/nefis/packages/nefis/include/nef-def.h:46:18: note: expanded from macro 'MAX_NAME'
#12 5.208    46 | #define MAX_NAME 16
#12 5.208       |                  ^~
#12 5.208 /source/src/utils_lgpl/nefis/packages/nefis/src/f2c.c:2227:43: warning: format specifies type 'long' but the argument has type 'BInt4' (aka 'int') [-Wformat]
#12 5.208  2226 |                 "Inqnra: User supplied array to contain string attributes (name/value) too small: %ld<%ld,  %ld<%ld\n",
#12 5.208       |                                                                                                             ~~~
#12 5.208       |                                                                                                             %d
#12 5.208  2227 |                 at_name_length, MAX_NAME, at_value_length, MAX_NAME);
#12 5.208       |                                           ^~~~~~~~~~~~~~~
#12 5.208 /source/src/utils_lgpl/nefis/packages/nefis/src/f2c.c:2227:60: warning: format specifies type 'long' but the argument has type 'int' [-Wformat]
#12 5.208  2226 |                 "Inqnra: User supplied array to contain string attributes (name/value) too small: %ld<%ld,  %ld<%ld\n",
#12 5.208       |                                                                                                                 ~~~
#12 5.208       |                                                                                                                 %d
#12 5.208  2227 |                 at_name_length, MAX_NAME, at_value_length, MAX_NAME);
#12 5.208       |                                                            ^~~~~~~~
#12 5.208 /source/src/utils_lgpl/nefis/packages/nefis/include/nef-def.h:46:18: note: expanded from macro 'MAX_NAME'
#12 5.208    46 | #define MAX_NAME 16
#12 5.208       |                  ^~
#12 5.213 [  7%] Linking CXX static library libdeltares_common_c.a
#12 5.213 [  7%] Built target dsle
#12 5.226 [  7%] Built target dsle-static
#12 5.229 [  7%] Built target Unity
#12 5.235 [  7%] Built target f90twi_gtest
#12 5.241 [  7%] Building CXX object esmfsm_c/CMakeFiles/esmfsm_c.dir/src/esm/esm.cpp.o
#12 5.242 [  7%] Built target pre_c_sumo_lib
#12 5.246 [  7%] Building CXX object esmfsm_c/CMakeFiles/esmfsm_c.dir/src/esm/esm_f.cpp.o
#12 5.248 [  7%] Building CXX object esmfsm_c/CMakeFiles/esmfsm_c.dir/src/esm/local.cpp.o
#12 5.250 [  7%] Built target dfm_api_access
#12 5.250 [  7%] Building CXX object esmfsm_c/CMakeFiles/esmfsm_c.dir/src/esm/shared.cpp.o
#12 5.252 [  8%] Building CXX object esmfsm_c/CMakeFiles/esmfsm_c.dir/src/fsm/fsm.cpp.o
#12 5.255 [  8%] Built target metisoptions
#12 5.255 [  8%] Built target md5
#12 5.267 [ 10%] Built target swan_mpi
#12 5.273 [ 14%] Built target swan_omp
#12 5.273 [ 14%] Built target swan
#12 5.277 [ 14%] Built target deltares_common_c
#12 5.293 In file included from /source/src/utils_lgpl/esmfsm/packages/esmfsm_c/src/esm/local.cpp:38:
#12 5.293 /source/src/utils_lgpl/esmfsm/packages/esmfsm_c/include/globals-esm.h:39:9: warning: "HAVE_STRUCT_TIMESPEC" redefined
#12 5.293    39 | #define HAVE_STRUCT_TIMESPEC
#12 5.293       |         ^~~~~~~~~~~~~~~~~~~~
#12 5.293 <command-line>: note: this is the location of the previous definition
#12 5.297 In file included from /source/src/utils_lgpl/esmfsm/packages/esmfsm_c/src/esm/esm.cpp:45:
#12 5.297 /source/src/utils_lgpl/esmfsm/packages/esmfsm_c/include/globals-esm.h:39:9: warning: "HAVE_STRUCT_TIMESPEC" redefined
#12 5.297    39 | #define HAVE_STRUCT_TIMESPEC
#12 5.297       |         ^~~~~~~~~~~~~~~~~~~~
#12 5.297 <command-line>: note: this is the location of the previous definition
#12 5.306 [ 14%] Built target test_dimr_bmi
#12 5.306 [ 14%] Built target f90tw_gtest
#12 5.309 In file included from /source/src/utils_lgpl/esmfsm/packages/esmfsm_c/src/esm/esm_f.cpp:1:
#12 5.309 /source/src/utils_lgpl/esmfsm/packages/esmfsm_c/include/globals-fsm.h:39:9: warning: "HAVE_STRUCT_TIMESPEC" redefined
#12 5.309    39 | #define HAVE_STRUCT_TIMESPEC
#12 5.309       |         ^~~~~~~~~~~~~~~~~~~~
#12 5.309 <command-line>: note: this is the location of the previous definition
#12 5.310 [ 14%] Built target test_ini_read
#12 5.310 In file included from /source/src/utils_lgpl/esmfsm/packages/esmfsm_c/src/esm/shared.cpp:39:
#12 5.310 /source/src/utils_lgpl/esmfsm/packages/esmfsm_c/include/globals-esm.h:39:9: warning: "HAVE_STRUCT_TIMESPEC" redefined
#12 5.310    39 | #define HAVE_STRUCT_TIMESPEC
#12 5.310       |         ^~~~~~~~~~~~~~~~~~~~
#12 5.310 <command-line>: note: this is the location of the previous definition
#12 5.313 In file included from /source/src/utils_lgpl/esmfsm/packages/esmfsm_c/src/fsm/fsm.cpp:45:
#12 5.313 /source/src/utils_lgpl/esmfsm/packages/esmfsm_c/include/globals-fsm.h:39:9: warning: "HAVE_STRUCT_TIMESPEC" redefined
#12 5.313    39 | #define HAVE_STRUCT_TIMESPEC
#12 5.313       |         ^~~~~~~~~~~~~~~~~~~~
#12 5.313 <command-line>: note: this is the location of the previous definition
#12 5.316 [ 14%] Built target test_io_layer_distribution
#12 5.316 [ 14%] Built target test_timestamp
#12 5.318 [ 14%] Built target test_sealock
#12 5.326 [ 14%] Built target test_load_csv
#12 5.328 [ 14%] Built target test_dsle_config
#12 5.333 [ 14%] Built target preC-SUMO
#12 5.344 [ 14%] Building CXX object dimr_lib/CMakeFiles/dimr_lib.dir/src/coredump.cpp.o
#12 5.345 [ 14%] Building CXX object dimr_lib/CMakeFiles/dimr_lib.dir/src/dimr.cpp.o
#12 5.345 [ 14%] Building CXX object dimr_lib/CMakeFiles/dimr_lib.dir/src/bmi.cpp.o
#12 5.347 [ 15%] Building CXX object dimr_lib/CMakeFiles/dimr_lib.dir/src/component.cpp.o
#12 5.349 [ 15%] Built target test_pre_c_sumo_lib
#12 5.351 [ 15%] Linking Fortran static library libfortranc.a
#12 5.372 [ 17%] Built target FBCTools_static
#12 5.372 [ 19%] Built target deltares_common
#12 5.389 /source/src/engines_gpl/dimr/packages/dimr_lib/src/bmi.cpp:1:9: warning: #pragma once in main file
#12 5.389     1 | #pragma once
#12 5.389       |         ^~~~
#12 5.390 In file included from /source/src/engines_gpl/dimr/packages/dimr_lib/src/bmi.cpp:3:
#12 5.390 /source/src/engines_gpl/dimr/packages/dimr_lib/include/dimr.h:42:9: warning: "HAVE_STRUCT_TIMESPEC" redefined
#12 5.390    42 | #define HAVE_STRUCT_TIMESPEC
#12 5.390       |         ^~~~~~~~~~~~~~~~~~~~
#12 5.391 <command-line>: note: this is the location of the previous definition
#12 5.393 In file included from /source/src/engines_gpl/dimr/packages/dimr_lib/src/coredump.cpp:37:
#12 5.393 /source/src/engines_gpl/dimr/packages/dimr_lib/include/dimr.h:42:9: warning: "HAVE_STRUCT_TIMESPEC" redefined
#12 5.393    42 | #define HAVE_STRUCT_TIMESPEC
#12 5.393       |         ^~~~~~~~~~~~~~~~~~~~
#12 5.396 [ 19%] Built target fortranc
#12 5.396 <command-line>: note: this is the location of the previous definition
#12 5.397 [ 19%] Built target waq_definition
#12 5.408 [ 19%] Built target morphology_data
#12 5.408 [ 19%] Built target io_netcdf_data
#12 5.411 In file included from /source/src/engines_gpl/dimr/packages/dimr_lib/src/component.cpp:37:
#12 5.411 /source/src/engines_gpl/dimr/packages/dimr_lib/include/dimr.h:42:9: warning: "HAVE_STRUCT_TIMESPEC" redefined
#12 5.411    42 | #define HAVE_STRUCT_TIMESPEC
#12 5.411       |         ^~~~~~~~~~~~~~~~~~~~
#12 5.412 [ 19%] Built target test_deltares_common_gtest_f90
#12 5.412 [ 19%] Built target solvesaphe
#12 5.412 <command-line>: note: this is the location of the previous definition
#12 5.413 [ 19%] Built target FBCTools
#12 5.418 [ 19%] Built target kdtree_wrapper
#12 5.429 [ 19%] Linking Fortran executable tests_string_utils
#12 5.436 [ 19%] Built target FBCTools_BMI
#12 5.452 [ 19%] Linking CXX executable test_deltares_common_gtest
#12 5.455 [ 19%] Linking CXX static library libdelftio_shm.a
#12 5.463 [ 20%] Built target deltares_common_mpi
#12 5.463 [ 20%] Linking Fortran executable mormerge
#12 5.469 [ 21%] Built target trachytopes_kernel
#12 5.471 [ 21%] Built target dhydrology_kernel
#12 5.479 [ 21%] Linking Fortran executable test_deltares_common
#12 5.479 [ 22%] Built target ice_data
#12 5.479 In file included from /source/src/engines_gpl/dimr/packages/dimr_lib/src/dimr.cpp:37:
#12 5.479 /source/src/engines_gpl/dimr/packages/dimr_lib/include/dimr.h:42:9: warning: "HAVE_STRUCT_TIMESPEC" redefined
#12 5.479    42 | #define HAVE_STRUCT_TIMESPEC
#12 5.479       |         ^~~~~~~~~~~~~~~~~~~~
#12 5.479 <command-line>: note: this is the location of the previous definition
#12 5.480 [ 22%] Built target waq_data
#12 5.480 [ 22%] Built target waq_utils_f
#12 5.484 [ 22%] Built target waq_hyd_data
#12 5.520 [ 22%] Built target gridgeom
#12 5.529 [ 22%] Built target fortrangis
#12 5.535 [ 22%] Built target waq_logging
#12 5.536 [ 22%] Built target ice_io
#12 5.538 [ 22%] Built target waq_validation
#12 5.538 [ 22%] Linking Fortran shared library libwaq_plugin_wasteload.so
#12 5.543 [ 22%] Built target trachytopes_io
#12 5.546 [ 24%] Built target waq_proc_preprocess
#12 5.547 [ 25%] Built target waq_memory
#12 5.548 [ 25%] Built target part_data_f
#12 5.549 [ 25%] Built target delftio_shm
#12 5.569 [ 26%] Built target morphology_kernel
#12 5.581 [ 26%] Linking Fortran executable tests_file_path_utils_get_filename_without_extension
#12 5.592 3 warnings generated.
#12 5.595 [ 26%] Linking Fortran executable tests_file_path_utils_get_file_name
#12 5.600 [ 26%] Built target part_utils_f
#12 5.607 [ 26%] Built target flow1d_core
#12 5.620 [ 26%] Built target io_netcdf
#12 5.622 [ 27%] Built target delftio
#12 5.646 90 warnings generated.
#12 5.649 [ 27%] Linking Fortran executable test_io_netcdf
#12 5.670 [ 27%] Built target test_general_structure_f90
#12 5.685 [ 28%] Linking CXX shared library io_netcdf.so
#12 5.687 [ 29%] Built target io_hyd
#12 5.687 [ 29%] Built target waq_netcdf
#12 5.701 [ 29%] Linking Fortran executable dfmoutput
#12 5.706 [ 29%] Linking CXX static library libnefis.a
#12 5.741 [ 29%] Built target wl_openmi_support
#12 5.744 [ 29%] Linking Fortran executable waqmerge
#12 5.749 [ 29%] Linking Fortran executable ddcouple
#12 5.755 [ 35%] Built target flow1d_implicit
#12 5.755 [ 36%] Built target ec_module
#12 5.756 [ 36%] Linking Fortran executable agrhyd
#12 5.757 [ 36%] Linking Fortran executable checkhydbal
#12 5.762 [ 36%] Linking Fortran executable tests_aggregate_waqgeom
#12 5.812 [ 37%] Built target nefis
#12 5.817 [ 37%] Linking CXX executable test_general_structure
#12 5.834 [ 37%] Linking CXX shared library ec_module.so
#12 5.838 [ 37%] Linking Fortran executable ec_module_test
#12 5.840 [ 38%] Built target flow1d_io
#12 5.840 [ 38%] Linking CXX shared library gridgeom.so
#12 5.843 [ 38%] Built target test_ec_module_f90
#12 5.850 [ 39%] Built target morphology_io
#12 5.867 [ 39%] Linking CXX static library libesmfsm_c.a
#12 5.894 [ 40%] Built target csumo_nfio
#12 5.896 [ 40%] Built target test_deltares_common_gtest
#12 5.906 [ 40%] Built target tests_string_utils
#12 5.906 [ 41%] Built target waqpb_lib
#12 5.908 [ 41%] Built target mormerge
#12 5.919 [ 41%] Built target nefis_tests_f90
#12 5.925 [ 42%] Built target part_io_f
#12 5.927 [ 42%] Built target esmfsm_c
#12 5.929 [ 42%] Built target test_Readstructure_f90
#12 5.955 [ 42%] Built target test_morphology_f90
#12 5.968 [ 42%] Built target flow1d
#12 6.006 [ 42%] Linking Fortran shared library libcosumo_bmi.so
#12 6.007 [ 42%] Linking CXX executable test_ec_module
#12 6.018 [ 43%] Built target wave_data
#12 6.021 [ 43%] Built target esmfsm
#12 6.028 [ 49%] Built target waq_process
#12 6.060 [ 49%] Built target tests_file_path_utils_get_filename_without_extension
#12 6.084 [ 49%] Linking Fortran executable waqpb_import
#12 6.093 [ 49%] Built target tests_file_path_utils_get_file_name
#12 6.099 [ 49%] Linking Fortran executable waqpb_export
#12 6.123 [ 49%] Linking Fortran executable tests_rear
#12 6.125 [ 49%] Linking CXX executable nefis_tests
#12 6.126 [ 50%] Built target waq_io
#12 6.126 [ 50%] Linking Fortran executable tests_meteo
#12 6.127 [ 51%] Built target wq_processes
#12 6.140 [ 51%] Linking Fortran executable tests_protist_mortality_salinity
#12 6.150 [ 53%] Built target part_kernel_f
#12 6.184 [ 53%] Built target waq_plugin_wasteload
#12 6.185 [ 53%] Linking CXX executable test_Readstructure
#12 6.186 [ 53%] Linking Fortran executable tests_debgrz_computations
#12 6.189 [ 53%] Linking CXX executable test_morphology
#12 6.198 [ 53%] Linking Fortran executable tests_tmode
#12 6.199 [ 53%] Built target waq_preprocessor
#12 6.207 [ 54%] Linking Fortran executable delpar
#12 6.207 [ 54%] Built target wave_io
#12 6.264 [ 54%] Built target test_deltares_common
#12 6.267 [ 54%] Built target wave_kernel
#12 6.326 [ 54%] Built target wave_manager
#12 6.379 [ 54%] Linking Fortran shared library libwave.so
#12 6.382 [ 56%] Built target waq_kernel
#12 6.385 [ 56%] Linking Fortran executable wave_exe
#12 6.451 [ 56%] Linking Fortran executable maptonetcdf
#12 6.452 [ 56%] Built target waq_computation
#12 6.458 [ 56%] Built target test_general_structure
#12 6.523 [ 56%] Built target ec_module_dll
#12 6.528 [ 56%] Built target waq_external_access_layer
#12 6.542 [ 56%] Built target io_netcdf_dll
#12 6.581 [ 56%] Linking Fortran shared library libdelwaq.so
#12 6.586 [ 56%] Linking Fortran executable delwaq
#12 6.597 [ 56%] Linking Fortran executable test_connection_manager
#12 6.608 [ 56%] Linking Fortran executable test_connection_data_mapping
#12 6.630 [ 57%] Linking Fortran executable test_connection_parser
#12 6.637 [ 57%] Built target gridgeom_dll
#12 6.766 /source/src/engines_gpl/dimr/packages/dimr_lib/src/dimr.cpp: In member function ‘void Dimr::createDistributeMPISubGroupCommunicator(dimr_component*)’:
#12 6.766 /source/src/engines_gpl/dimr/packages/dimr_lib/src/dimr.cpp:383:30: warning: converting to non-pointer type ‘MPI_Comm’ {aka ‘int’} from NULL [-Wconversion-null]
#12 6.766   383 |         component->mpiComm = NULL;
#12 6.766       |                              ^~~~
#12 6.777 [ 57%] Built target test_ec_module
#12 6.829 /source/src/engines_gpl/dimr/packages/dimr_lib/src/dimr.cpp: In member function ‘void Dimr::runParallelFinish(dimr_control_block*)’:
#12 6.829 /source/src/engines_gpl/dimr/packages/dimr_lib/src/dimr.cpp:1545:72: warning: NULL used in arithmetic [-Wpointer-arith]
#12 6.829  1545 |             if (use_mpi && cb->subBlocks[i].unit.component->mpiComm != NULL)
#12 6.829       |                                                                        ^~~~
#12 6.839 [ 57%] Built target waqmerge
#12 6.876 [ 57%] Built target waqpb_import
#12 6.904 [ 57%] Built target tests_protist_mortality_salinity
#12 6.951 [ 57%] Built target test_Readstructure
#12 6.958 [ 57%] Built target tests_meteo
#12 6.978 [ 57%] Built target test_io_netcdf
#12 7.016 [ 57%] Built target nefis_tests
#12 7.032 [ 57%] Built target agrhyd
#12 7.033 [ 57%] Built target tests_debgrz_computations
#12 7.040 [ 95%] Built target dflowfm_kernel
#12 7.045 [ 95%] Built target ddcouple
#12 7.069 [ 95%] Linking CXX static library librr_walrus_c.a
#12 7.075 [ 95%] Built target test_helpers
#12 7.087 [ 95%] Linking Fortran executable dflowfm
#12 7.102 [ 95%] Linking Fortran executable dfm_volume_tool
#12 7.103 [ 95%] Linking CXX shared library libdflowfm.so
#12 7.113 [ 95%] Linking Fortran executable dflowfm_kernel_test
#12 7.133 [ 96%] Built target test_dflowfm_kernel_gtest_f90
#12 7.150 [ 96%] Built target rr_walrus_c
#12 7.153 [ 96%] Built target waqpb_export
#12 7.159 [ 96%] Built target ec_module_test
#12 7.189 [ 96%] Linking CXX executable test_dflowfm_kernel_gtest
#12 7.257 [ 96%] Built target checkhydbal
#12 7.283 [ 96%] Built target tests_rear
#12 7.289 [ 98%] Built target rr_kernel_f
#12 7.309 [ 98%] Built target tests_aggregate_waqgeom
#12 7.323 [ 98%] Linking CXX shared library librr_dll.so
#12 7.388 [ 98%] Built target cosumo_bmi
#12 7.394 [ 98%] Built target tests_tmode
#12 7.437 [ 98%] Built target dfmoutput
#12 7.443 [ 99%] Built target test_morphology
#12 7.538 [ 99%] Built target delpar
#12 7.650 [ 99%] Built target maptonetcdf
#12 7.700 [ 99%] Built target test_connection_parser
#12 7.795 [ 99%] Built target wave
#12 7.795 [ 99%] Built target wave_exe
#12 7.887 [ 99%] Built target delwaq_lib
#12 7.893 [ 99%] Built target test_connection_data_mapping
#12 7.903 [ 99%] Linking Fortran executable test_delwaq_dimr
#12 7.903 [ 99%] Linking Fortran executable test_read_boundary_concentrations
#12 7.920 [ 99%] Built target test_connection_manager
#12 7.965 [ 99%] Built target rr_dll
#12 7.972 [ 99%] Built target delwaq
#12 7.980 [ 99%] Linking Fortran executable rr
#12 8.196 [ 99%] Built target test_delwaq_dimr
#12 8.208 [ 99%] Built target dflowfm_dll
#12 8.370 [ 99%] Built target test_read_boundary_concentrations
#12 8.416 [ 99%] Built target dfm_volume_tool
#12 8.473 [ 99%] Built target rr
#12 8.478 [ 99%] Built target test_dflowfm_kernel_gtest
#12 8.664 [ 99%] Built target dflowfm-cli
#12 8.743 [100%] Built target dflowfm_kernel_test
#12 8.968 [100%] Linking CXX shared library libdimr.so
#12 9.090 [100%] Built target dimr_lib
#12 9.102 [100%] Building CXX object dimr/CMakeFiles/dimr.dir/src/dimr_exe.cpp.o
#12 9.618 [100%] Linking CXX executable dimr
#12 9.731 [100%] Built target dimr
#12 9.737 -- Installing: /delft3d/lib/libdimr.so
#12 9.738 -- Set non-toolchain portion of runtime path of "/delft3d/lib/libdimr.so" to "$ORIGIN:$ORIGIN/../lib:/root/.conan2/p/b/expatfacc4438d4b62/p/lib:/root/.conan2/p/b/netcd1639dd0e8f4d8/p/lib:/root/.conan2/p/b/hdf57a948b2e684da/p/lib:/root/.conan2/p/b/zlib8c834d1aaa5e4/p/lib"
#12 9.738 -- Installing: /delft3d/bin/dimr
#12 9.738 -- Set non-toolchain portion of runtime path of "/delft3d/bin/dimr" to "$ORIGIN:$ORIGIN/../lib:/root/.conan2/p/b/expatfacc4438d4b62/p/lib:/root/.conan2/p/b/netcd1639dd0e8f4d8/p/lib:/root/.conan2/p/b/hdf57a948b2e684da/p/lib:/root/.conan2/p/b/zlib8c834d1aaa5e4/p/lib"
#12 9.738 -- Installing: /delft3d/bin/run_dimr.sh
#12 9.739 -- Installing: /delft3d/bin/submit_dimr.sh
#12 9.739 -- Installing: /delft3d/bin/submit_dimr_h7.sh
#12 9.740 -- Installing: /delft3d/share/delft3d/bloom.spe
#12 9.740 -- Installing: /delft3d/share/delft3d/proc_def.dat
#12 9.742 -- Installing: /delft3d/share/delft3d/proc_def.def
#12 9.742 -- Installing: /delft3d/share/delft3d/csvFiles
#12 9.742 -- Installing: /delft3d/share/delft3d/csvFiles/con_pro.csv
#12 9.742 -- Installing: /delft3d/share/delft3d/csvFiles/proces.csv
#12 9.743 -- Installing: /delft3d/share/delft3d/csvFiles/inputs.csv
#12 9.743 -- Installing: /delft3d/share/delft3d/csvFiles/config.csv
#12 9.743 -- Installing: /delft3d/share/delft3d/csvFiles/disps.csv
#12 9.744 -- Installing: /delft3d/share/delft3d/csvFiles/velocs.csv
#12 9.744 -- Installing: /delft3d/share/delft3d/csvFiles/grpsub.csv
#12 9.744 -- Installing: /delft3d/share/delft3d/csvFiles/outpflx.csv
#12 9.745 -- Installing: /delft3d/share/delft3d/csvFiles/old_items.csv
#12 9.745 -- Installing: /delft3d/share/delft3d/csvFiles/items.csv
#12 9.747 -- Installing: /delft3d/share/delft3d/csvFiles/outputs.csv
#12 9.747 -- Installing: /delft3d/share/delft3d/csvFiles/con_sub.csv
#12 9.748 -- Installing: /delft3d/share/delft3d/csvFiles/stochi.csv
#12 9.748 -- Installing: /delft3d/share/delft3d/csvFiles/table5.csv
#12 9.748 -- Installing: /delft3d/share/delft3d/csvFiles/fortran.csv
#12 9.748 -- Installing: /delft3d/share/delft3d/subFiles
#12 9.749 -- Installing: /delft3d/share/delft3d/subFiles/02b_Oxygen_bod_sediment.sub
#12 9.749 -- Installing: /delft3d/share/delft3d/subFiles/06_Suspended_sediment.des
#12 9.749 -- Installing: /delft3d/share/delft3d/subFiles/02_Oxygen_bod.des
#12 9.750 -- Installing: /delft3d/share/delft3d/subFiles/08_protist_1spec.sub
#12 9.750 -- Installing: /delft3d/share/delft3d/subFiles/03_Coliform_bacteria.sub
#12 9.750 -- Installing: /delft3d/share/delft3d/subFiles/01_Oxygen_simple.des
#12 9.750 -- Installing: /delft3d/share/delft3d/subFiles/02b_Oxygen_bod_sediment.des
#12 9.750 -- Installing: /delft3d/share/delft3d/subFiles/04_Eutrof_simple.sub
#12 9.751 -- Installing: /delft3d/share/delft3d/subFiles/08_protist_1spec.des
#12 9.751 -- Installing: /delft3d/share/delft3d/subFiles/07_Metals_Cd.des
#12 9.751 -- Installing: /delft3d/share/delft3d/subFiles/07_Metals_Cd.sub
#12 9.751 -- Installing: /delft3d/share/delft3d/subFiles/01_Tracers.sub
#12 9.752 -- Installing: /delft3d/share/delft3d/subFiles/01_Oxygen_simple.sub
#12 9.752 -- Installing: /delft3d/share/delft3d/subFiles/06_Suspended_sediment.sub
#12 9.752 -- Installing: /delft3d/share/delft3d/subFiles/05_Eutrof_multiple_species.sub
#12 9.752 -- Installing: /delft3d/share/delft3d/subFiles/01_Tracers.des
#12 9.752 -- Installing: /delft3d/share/delft3d/subFiles/05_Eutrof_multiple_species.des
#12 9.752 -- Installing: /delft3d/share/delft3d/subFiles/04_Eutrof_simple.des
#12 9.752 -- Installing: /delft3d/share/delft3d/subFiles/03_Coliform_bacteria.des
#12 9.753 -- Installing: /delft3d/share/delft3d/subFiles/02_Oxygen_bod.sub
#12 9.753 -- Installing: /delft3d/share/delft3d/open_process_lib_example
#12 9.753 -- Installing: /delft3d/share/delft3d/open_process_lib_example/proc_def.def
#12 9.753 -- Installing: /delft3d/share/delft3d/open_process_lib_example/code
#12 9.754 -- Installing: /delft3d/share/delft3d/open_process_lib_example/code/precision.f90
#12 9.754 -- Installing: /delft3d/share/delft3d/open_process_lib_example/code/stdlib_kinds.f90
#12 9.754 -- Installing: /delft3d/share/delft3d/open_process_lib_example/code/waq_precision.f90
#12 9.754 -- Installing: /delft3d/share/delft3d/open_process_lib_example/code/decayt.so
#12 9.754 -- Installing: /delft3d/share/delft3d/open_process_lib_example/code/m_extract_waq_attribute.f90
#12 9.754 -- Installing: /delft3d/share/delft3d/open_process_lib_example/code/build_ifx_lnx64.sh
#12 9.754 -- Installing: /delft3d/share/delft3d/open_process_lib_example/code/build_ifx_x64.bat
#12 9.754 -- Installing: /delft3d/share/delft3d/open_process_lib_example/code/decayt.f90
#12 9.755 -- Installing: /delft3d/share/delft3d/open_process_lib_example/code/precision_basics.f90
#12 9.755 -- Installing: /delft3d/share/delft3d/open_process_lib_example/code/logger_helper.f90
#12 9.755 -- Installing: /delft3d/share/delft3d/open_process_lib_example/proc_def.dat
#12 9.757 -- Installing: /delft3d/share/delft3d/open_process_lib_example/subFile
#12 9.757 -- Installing: /delft3d/share/delft3d/open_process_lib_example/subFile/DecayTracers.sub
#12 9.757 -- Installing: /delft3d/share/delft3d/open_process_lib_example/csvFiles
#12 9.757 -- Installing: /delft3d/share/delft3d/open_process_lib_example/csvFiles/con_pro.csv
#12 9.758 -- Installing: /delft3d/share/delft3d/open_process_lib_example/csvFiles/proces.csv
#12 9.758 -- Installing: /delft3d/share/delft3d/open_process_lib_example/csvFiles/inputs.csv
#12 9.758 -- Installing: /delft3d/share/delft3d/open_process_lib_example/csvFiles/config.csv
#12 9.758 -- Installing: /delft3d/share/delft3d/open_process_lib_example/csvFiles/disps.csv
#12 9.758 -- Installing: /delft3d/share/delft3d/open_process_lib_example/csvFiles/velocs.csv
#12 9.758 -- Installing: /delft3d/share/delft3d/open_process_lib_example/csvFiles/grpsub.csv
#12 9.758 -- Installing: /delft3d/share/delft3d/open_process_lib_example/csvFiles/outpflx.csv
#12 9.758 -- Installing: /delft3d/share/delft3d/open_process_lib_example/csvFiles/old_items.csv
#12 9.758 -- Installing: /delft3d/share/delft3d/open_process_lib_example/csvFiles/items.csv
#12 9.759 -- Installing: /delft3d/share/delft3d/open_process_lib_example/csvFiles/outputs.csv
#12 9.759 -- Installing: /delft3d/share/delft3d/open_process_lib_example/csvFiles/con_sub.csv
#12 9.759 -- Installing: /delft3d/share/delft3d/open_process_lib_example/csvFiles/stochi.csv
#12 9.759 -- Installing: /delft3d/share/delft3d/open_process_lib_example/csvFiles/table5.csv
#12 9.759 -- Installing: /delft3d/share/delft3d/open_process_lib_example/csvFiles/fortran.csv
#12 9.760 -- Installing: /delft3d/lib/libwaq_plugin_wasteload.so
#12 9.761 -- Set non-toolchain portion of runtime path of "/delft3d/lib/libwaq_plugin_wasteload.so" to "$ORIGIN:$ORIGIN/../lib"
#12 9.761 -- Installing: /delft3d/lib/libdelwaq.so
#12 9.768 -- Set non-toolchain portion of runtime path of "/delft3d/lib/libdelwaq.so" to "$ORIGIN:$ORIGIN/../lib:/root/.conan2/p/b/proj1ca83637a8764/p/lib:/root/.conan2/p/b/libtia51bfb8a49275/p/lib:/root/.conan2/p/b/zlib8c834d1aaa5e4/p/lib:/root/.conan2/p/b/gdalb808327aa7ea1/p/lib:/root/.conan2/p/b/libge10886a5419d35/p/lib:/root/.conan2/p/b/netcde99a1414b9b10/p/lib:/root/.conan2/p/b/netcd1639dd0e8f4d8/p/lib:/root/.conan2/p/b/hdf57a948b2e684da/p/lib:/root/.conan2/p/b/trianc29474059fe27/p/lib"
#12 9.768 -- Installing: /delft3d/bin/delwaq
#12 9.776 -- Set non-toolchain portion of runtime path of "/delft3d/bin/delwaq" to "$ORIGIN:$ORIGIN/../lib:/root/.conan2/p/b/proj1ca83637a8764/p/lib:/root/.conan2/p/b/libtia51bfb8a49275/p/lib:/root/.conan2/p/b/zlib8c834d1aaa5e4/p/lib:/root/.conan2/p/b/gdalb808327aa7ea1/p/lib:/root/.conan2/p/b/libge10886a5419d35/p/lib:/root/.conan2/p/b/netcde99a1414b9b10/p/lib:/root/.conan2/p/b/netcd1639dd0e8f4d8/p/lib:/root/.conan2/p/b/hdf57a948b2e684da/p/lib:/root/.conan2/p/b/trianc29474059fe27/p/lib"
#12 9.776 -- Installing: /delft3d/bin/run_delwaq.sh
#12 9.776 -- Installing: /delft3d/bin/waqpb_import
#12 9.777 -- Set non-toolchain portion of runtime path of "/delft3d/bin/waqpb_import" to "$ORIGIN:$ORIGIN/../lib"
#12 9.777 -- Installing: /delft3d/bin/run_waqpb_import.sh
#12 9.777 -- Installing: /delft3d/bin/waqpb_export
#12 9.778 -- Set non-toolchain portion of runtime path of "/delft3d/bin/waqpb_export" to "$ORIGIN:$ORIGIN/../lib"
#12 9.778 -- Installing: /delft3d/bin/run_waqpb_export.sh
#12 9.778 -- Installing: /delft3d/bin/waqmerge
#12 9.781 -- Set non-toolchain portion of runtime path of "/delft3d/bin/waqmerge" to "$ORIGIN:$ORIGIN/../lib:/root/.conan2/p/b/proj1ca83637a8764/p/lib:/root/.conan2/p/b/libtia51bfb8a49275/p/lib:/root/.conan2/p/b/zlib8c834d1aaa5e4/p/lib:/root/.conan2/p/b/gdalb808327aa7ea1/p/lib:/root/.conan2/p/b/libge10886a5419d35/p/lib:/root/.conan2/p/b/netcde99a1414b9b10/p/lib:/root/.conan2/p/b/netcd1639dd0e8f4d8/p/lib:/root/.conan2/p/b/hdf57a948b2e684da/p/lib:/root/.conan2/p/b/trianc29474059fe27/p/lib"
#12 9.781 -- Installing: /delft3d/bin/run_waqmerge.sh
#12 9.781 -- Installing: /delft3d/bin/ddcouple
#12 9.783 -- Set non-toolchain portion of runtime path of "/delft3d/bin/ddcouple" to "$ORIGIN:$ORIGIN/../lib:/root/.conan2/p/b/proj1ca83637a8764/p/lib:/root/.conan2/p/b/libtia51bfb8a49275/p/lib:/root/.conan2/p/b/zlib8c834d1aaa5e4/p/lib:/root/.conan2/p/b/gdalb808327aa7ea1/p/lib:/root/.conan2/p/b/libge10886a5419d35/p/lib:/root/.conan2/p/b/netcde99a1414b9b10/p/lib:/root/.conan2/p/b/netcd1639dd0e8f4d8/p/lib:/root/.conan2/p/b/hdf57a948b2e684da/p/lib:/root/.conan2/p/b/trianc29474059fe27/p/lib"
#12 9.783 -- Installing: /delft3d/bin/run_ddcouple.sh
#12 9.783 -- Installing: /delft3d/bin/agrhyd
#12 9.785 -- Set non-toolchain portion of runtime path of "/delft3d/bin/agrhyd" to "$ORIGIN:$ORIGIN/../lib:/root/.conan2/p/b/proj1ca83637a8764/p/lib:/root/.conan2/p/b/libtia51bfb8a49275/p/lib:/root/.conan2/p/b/zlib8c834d1aaa5e4/p/lib:/root/.conan2/p/b/gdalb808327aa7ea1/p/lib:/root/.conan2/p/b/libge10886a5419d35/p/lib:/root/.conan2/p/b/netcde99a1414b9b10/p/lib:/root/.conan2/p/b/netcd1639dd0e8f4d8/p/lib:/root/.conan2/p/b/hdf57a948b2e684da/p/lib:/root/.conan2/p/b/trianc29474059fe27/p/lib"
#12 9.785 -- Installing: /delft3d/share/delft3d/agrhyd.ini
#12 9.786 -- Installing: /delft3d/bin/run_agrhyd.sh
#12 9.786 -- Installing: /delft3d/bin/maptonetcdf
#12 9.787 -- Set non-toolchain portion of runtime path of "/delft3d/bin/maptonetcdf" to "$ORIGIN:$ORIGIN/../lib:/root/.conan2/p/b/trianc29474059fe27/p/lib:/root/.conan2/p/b/proj1ca83637a8764/p/lib:/root/.conan2/p/b/libtia51bfb8a49275/p/lib:/root/.conan2/p/b/zlib8c834d1aaa5e4/p/lib:/root/.conan2/p/b/gdalb808327aa7ea1/p/lib:/root/.conan2/p/b/libge10886a5419d35/p/lib:/root/.conan2/p/b/netcde99a1414b9b10/p/lib:/root/.conan2/p/b/netcd1639dd0e8f4d8/p/lib:/root/.conan2/p/b/hdf57a948b2e684da/p/lib"
#12 9.787 -- Installing: /delft3d/bin/run_maptonetcdf.sh
#12 9.788 -- Installing: /delft3d/bin/delpar
#12 9.791 -- Set non-toolchain portion of runtime path of "/delft3d/bin/delpar" to "$ORIGIN:$ORIGIN/../lib:/root/.conan2/p/b/trianc29474059fe27/p/lib:/root/.conan2/p/b/proj1ca83637a8764/p/lib:/root/.conan2/p/b/libtia51bfb8a49275/p/lib:/root/.conan2/p/b/zlib8c834d1aaa5e4/p/lib:/root/.conan2/p/b/gdalb808327aa7ea1/p/lib:/root/.conan2/p/b/libge10886a5419d35/p/lib:/root/.conan2/p/b/netcde99a1414b9b10/p/lib:/root/.conan2/p/b/netcd1639dd0e8f4d8/p/lib:/root/.conan2/p/b/hdf57a948b2e684da/p/lib"
#12 9.791 -- Installing: /delft3d/bin/run_delpar.sh
#12 9.791 -- Installing: /delft3d/share/delft3d/leewayfactors.csv
#12 9.791 -- Installing: /delft3d/lib/io_netcdf.so
#12 9.792 -- Set non-toolchain portion of runtime path of "/delft3d/lib/io_netcdf.so" to "$ORIGIN:$ORIGIN/../lib:/root/.conan2/p/b/proj1ca83637a8764/p/lib:/root/.conan2/p/b/libtia51bfb8a49275/p/lib:/root/.conan2/p/b/zlib8c834d1aaa5e4/p/lib:/root/.conan2/p/b/gdalb808327aa7ea1/p/lib:/root/.conan2/p/b/libge10886a5419d35/p/lib:/root/.conan2/p/b/netcde99a1414b9b10/p/lib:/root/.conan2/p/b/netcd1639dd0e8f4d8/p/lib:/root/.conan2/p/b/hdf57a948b2e684da/p/lib"
#12 9.795 -- Installing: /delft3d/test/test_morphology
#12 9.796 -- Set non-toolchain portion of runtime path of "/delft3d/test/test_morphology" to "$ORIGIN:$ORIGIN/../lib:/root/.conan2/p/b/trianc29474059fe27/p/lib:/root/.conan2/p/b/proj1ca83637a8764/p/lib:/root/.conan2/p/b/libtia51bfb8a49275/p/lib:/root/.conan2/p/b/zlib8c834d1aaa5e4/p/lib:/root/.conan2/p/b/gdalb808327aa7ea1/p/lib:/root/.conan2/p/b/libge10886a5419d35/p/lib:/root/.conan2/p/b/netcde99a1414b9b10/p/lib:/root/.conan2/p/b/netcd1639dd0e8f4d8/p/lib:/root/.conan2/p/b/hdf57a948b2e684da/p/lib:/root/.conan2/p/b/gtest98fbe36ae829b/p/lib"
#12 9.796 -- Installing: /delft3d/bin/dflowfm
#12 9.810 -- Set non-toolchain portion of runtime path of "/delft3d/bin/dflowfm" to "$ORIGIN:$ORIGIN/../lib:/source/src/engines_gpl/dflowfm/packages/dflowfm-cli_exe:/root/.conan2/p/b/trianc29474059fe27/p/lib:/root/.conan2/p/b/proj1ca83637a8764/p/lib:/root/.conan2/p/b/libtia51bfb8a49275/p/lib:/root/.conan2/p/b/zlib8c834d1aaa5e4/p/lib:/root/.conan2/p/b/gdalb808327aa7ea1/p/lib:/root/.conan2/p/b/libge10886a5419d35/p/lib:/root/.conan2/p/b/netcde99a1414b9b10/p/lib:/root/.conan2/p/b/netcd1639dd0e8f4d8/p/lib:/root/.conan2/p/b/hdf57a948b2e684da/p/lib:/root/.conan2/p/b/precid8a632aacdd90/p/lib:/root/.conan2/p/b/boost9d7881159c8d9/p/lib:/root/.conan2/p/b/libxm9e0475939882d/p/lib:/root/.conan2/p/b/petscfb881278fb6b3/p/lib"
#12 9.810 -- Installing: /delft3d/bin/generate_parallel_mdu.sh
#12 9.810 -- Installing: /delft3d/bin/submit_dflowfm_h7.sh
#12 9.810 -- Installing: /delft3d/bin/run_dflowfm.sh
#12 9.810 -- Installing: /delft3d/lib/libdflowfm.so
#12 9.825 -- Set non-toolchain portion of runtime path of "/delft3d/lib/libdflowfm.so" to "$ORIGIN:$ORIGIN/../lib:/root/.conan2/p/b/trianc29474059fe27/p/lib:/root/.conan2/p/b/proj1ca83637a8764/p/lib:/root/.conan2/p/b/libtia51bfb8a49275/p/lib:/root/.conan2/p/b/zlib8c834d1aaa5e4/p/lib:/root/.conan2/p/b/gdalb808327aa7ea1/p/lib:/root/.conan2/p/b/libge10886a5419d35/p/lib:/root/.conan2/p/b/netcde99a1414b9b10/p/lib:/root/.conan2/p/b/netcd1639dd0e8f4d8/p/lib:/root/.conan2/p/b/hdf57a948b2e684da/p/lib:/root/.conan2/p/b/precid8a632aacdd90/p/lib:/root/.conan2/p/b/boost9d7881159c8d9/p/lib:/root/.conan2/p/b/libxm9e0475939882d/p/lib:/root/.conan2/p/b/petscfb881278fb6b3/p/lib"
#12 9.825 -- Installing: /delft3d/bin/dfmoutput
#12 9.827 -- Set non-toolchain portion of runtime path of "/delft3d/bin/dfmoutput" to "$ORIGIN:$ORIGIN/../lib:/root/.conan2/p/b/trianc29474059fe27/p/lib:/root/.conan2/p/b/proj1ca83637a8764/p/lib:/root/.conan2/p/b/libtia51bfb8a49275/p/lib:/root/.conan2/p/b/zlib8c834d1aaa5e4/p/lib:/root/.conan2/p/b/gdalb808327aa7ea1/p/lib:/root/.conan2/p/b/libge10886a5419d35/p/lib:/root/.conan2/p/b/netcde99a1414b9b10/p/lib:/root/.conan2/p/b/netcd1639dd0e8f4d8/p/lib:/root/.conan2/p/b/hdf57a948b2e684da/p/lib"
#12 9.827 -- Installing: /delft3d/bin/run_dfmoutput.sh
#12 9.827 -- Installing: /delft3d/bin/dfm_volume_tool
#12 9.830 -- Set non-toolchain portion of runtime path of "/delft3d/bin/dfm_volume_tool" to "$ORIGIN:$ORIGIN/../lib:/root/.conan2/p/b/trianc29474059fe27/p/lib:/root/.conan2/p/b/proj1ca83637a8764/p/lib:/root/.conan2/p/b/libtia51bfb8a49275/p/lib:/root/.conan2/p/b/zlib8c834d1aaa5e4/p/lib:/root/.conan2/p/b/gdalb808327aa7ea1/p/lib:/root/.conan2/p/b/libge10886a5419d35/p/lib:/root/.conan2/p/b/netcde99a1414b9b10/p/lib:/root/.conan2/p/b/netcd1639dd0e8f4d8/p/lib:/root/.conan2/p/b/hdf57a948b2e684da/p/lib:/root/.conan2/p/b/precid8a632aacdd90/p/lib:/root/.conan2/p/b/boost9d7881159c8d9/p/lib:/root/.conan2/p/b/libxm9e0475939882d/p/lib:/root/.conan2/p/b/petscfb881278fb6b3/p/lib"
#12 9.830 -- Installing: /delft3d/bin/run_dfm_volume_tool.sh
#12 9.831 -- Installing: /delft3d/lib/ec_module.so
#12 9.832 -- Set non-toolchain portion of runtime path of "/delft3d/lib/ec_module.so" to "$ORIGIN:$ORIGIN/../lib:/root/.conan2/p/b/trianc29474059fe27/p/lib:/root/.conan2/p/b/proj1ca83637a8764/p/lib:/root/.conan2/p/b/libtia51bfb8a49275/p/lib:/root/.conan2/p/b/zlib8c834d1aaa5e4/p/lib:/root/.conan2/p/b/gdalb808327aa7ea1/p/lib:/root/.conan2/p/b/libge10886a5419d35/p/lib:/root/.conan2/p/b/netcde99a1414b9b10/p/lib:/root/.conan2/p/b/netcd1639dd0e8f4d8/p/lib:/root/.conan2/p/b/hdf57a948b2e684da/p/lib"
#12 9.833 -- Installing: /delft3d/test/test_data
#12 9.833 -- Installing: /delft3d/test/test_data/dflowfm_version_win.log
#12 9.833 -- Installing: /delft3d/test/test_data/IniField1dField_water_global_level_depth
#12 9.834 -- Installing: /delft3d/test/test_data/IniField1dField_water_global_level_depth/InitialWaterDepth.ini
#12 9.834 -- Installing: /delft3d/test/test_data/IniField1dField_water_global_level_depth/FM_model.mdu
#12 9.834 -- Installing: /delft3d/test/test_data/IniField1dField_water_global_level_depth/InitialWaterLevel.ini
#12 9.834 -- Installing: /delft3d/test/test_data/IniField1dField_water_global_level_depth/FlowFM_net.nc
#12 9.834 -- Installing: /delft3d/test/test_data/IniField1dField_water_global_level_depth/initialFields.ini
#12 9.834 -- Installing: /delft3d/test/test_data/storageNodes_nodeId_useTable
#12 9.835 -- Installing: /delft3d/test/test_data/storageNodes_nodeId_useTable/storageNodes_table.ini
#12 9.835 -- Installing: /delft3d/test/test_data/storageNodes_nodeId_useTable/Flow1D_table.mdu
#12 9.835 -- Installing: /delft3d/test/test_data/storageNodes_nodeId_useTable/Flow1D_net.nc
#12 9.835 -- Installing: /delft3d/test/test_data/IniField1dField
#12 9.836 -- Installing: /delft3d/test/test_data/IniField1dField/IniCondition.ini
#12 9.836 -- Installing: /delft3d/test/test_data/IniField1dField/Flow1D.mdu
#12 9.836 -- Installing: /delft3d/test/test_data/IniField1dField/Flow1D_net.nc
#12 9.837 -- Installing: /delft3d/test/test_data/IniField1dField/initialfields.ini
#12 9.837 -- Installing: /delft3d/test/test_data/IniField1dField_waterdepth
#12 9.837 -- Installing: /delft3d/test/test_data/IniField1dField_waterdepth/dflow1d_net.nc
#12 9.837 -- Installing: /delft3d/test/test_data/IniField1dField_waterdepth/dflow1d.mdu
#12 9.837 -- Installing: /delft3d/test/test_data/IniField1dField_waterdepth/InitialWaterDepth.ini
#12 9.837 -- Installing: /delft3d/test/test_data/IniField1dField_waterdepth/initialFields.ini
#12 9.838 -- Installing: /delft3d/test/test_data/dflowfm_compare_version_output.py
#12 9.838 -- Installing: /delft3d/test/test_data/IniField1dField_waterlevel
#12 9.838 -- Installing: /delft3d/test/test_data/IniField1dField_waterlevel/dflow1d_net.nc
#12 9.838 -- Installing: /delft3d/test/test_data/IniField1dField_waterlevel/dflow1d.mdu
#12 9.838 -- Installing: /delft3d/test/test_data/IniField1dField_waterlevel/InitialWaterLevel.ini
#12 9.838 -- Installing: /delft3d/test/test_data/IniField1dField_waterlevel/initialFields.ini
#12 9.838 -- Installing: /delft3d/test/test_data/cross_sections
#12 9.839 -- Installing: /delft3d/test/test_data/cross_sections/cross sections.xlsx
#12 9.839 -- Installing: /delft3d/test/test_data/cross_sections/crsdef.ini
#12 9.839 -- Installing: /delft3d/test/test_data/roughness
#12 9.839 -- Installing: /delft3d/test/test_data/roughness/roughness_main.ini
#12 9.839 -- Installing: /delft3d/test/test_data/roughness/roughness-globals.ini
#12 9.839 -- Installing: /delft3d/test/test_data/observCrossSections_snapped
#12 9.840 -- Installing: /delft3d/test/test_data/observCrossSections_snapped/WaterLevel.bc
#12 9.840 -- Installing: /delft3d/test/test_data/observCrossSections_snapped/FlowFM_meteo.bc
#12 9.840 -- Installing: /delft3d/test/test_data/observCrossSections_snapped/observcrs2.pli
#12 9.840 -- Installing: /delft3d/test/test_data/observCrossSections_snapped/FlowFM.mdu
#12 9.840 -- Installing: /delft3d/test/test_data/observCrossSections_snapped/observcrs.ini
#12 9.840 -- Installing: /delft3d/test/test_data/observCrossSections_snapped/interact.ini
#12 9.840 -- Installing: /delft3d/test/test_data/observCrossSections_snapped/2.pli
#12 9.840 -- Installing: /delft3d/test/test_data/observCrossSections_snapped/13680O_M.pli
#12 9.840 -- Installing: /delft3d/test/test_data/observCrossSections_snapped/10BBB7U.pli
#12 9.840 -- Installing: /delft3d/test/test_data/observCrossSections_snapped/FlowFM_net.nc
#12 9.841 -- Installing: /delft3d/test/test_data/IniField1dField_waterdepth_cross_section
#12 9.841 -- Installing: /delft3d/test/test_data/IniField1dField_waterdepth_cross_section/CrossSectionLocations.ini
#12 9.841 -- Installing: /delft3d/test/test_data/IniField1dField_waterdepth_cross_section/dflow1d_net.nc
#12 9.841 -- Installing: /delft3d/test/test_data/IniField1dField_waterdepth_cross_section/dflow1d.mdu
#12 9.841 -- Installing: /delft3d/test/test_data/IniField1dField_waterdepth_cross_section/InitialWaterDepth.ini
#12 9.841 -- Installing: /delft3d/test/test_data/IniField1dField_waterdepth_cross_section/CrossSectionDefinitions.ini
#12 9.841 -- Installing: /delft3d/test/test_data/IniField1dField_waterdepth_cross_section/roughness-Main.ini
#12 9.842 -- Installing: /delft3d/test/test_data/IniField1dField_waterdepth_cross_section/initialFields.ini
#12 9.842 -- Installing: /delft3d/test/test_data/IniField1dField_with_2d
#12 9.842 -- Installing: /delft3d/test/test_data/IniField1dField_with_2d/FM_model.mdu
#12 9.842 -- Installing: /delft3d/test/test_data/IniField1dField_with_2d/InitialWaterLevel.ini
#12 9.842 -- Installing: /delft3d/test/test_data/IniField1dField_with_2d/FlowFM_net.nc
#12 9.842 -- Installing: /delft3d/test/test_data/IniField1dField_with_2d/initialFields.ini
#12 9.842 -- Installing: /delft3d/test/test_data/observations
#12 9.843 -- Installing: /delft3d/test/test_data/observations/ObservationPoints_2.ini
#12 9.843 -- Installing: /delft3d/test/test_data/dflowfm_version_lnx.log
#12 9.843 -- Installing: /delft3d/test/test_data/IniField1dField_water_depth_level_ignore_globals
#12 9.843 -- Installing: /delft3d/test/test_data/IniField1dField_water_depth_level_ignore_globals/InitialWaterDepth.ini
#12 9.843 -- Installing: /delft3d/test/test_data/IniField1dField_water_depth_level_ignore_globals/FM_model.mdu
#12 9.843 -- Installing: /delft3d/test/test_data/IniField1dField_water_depth_level_ignore_globals/InitialWaterLevel.ini
#12 9.843 -- Installing: /delft3d/test/test_data/IniField1dField_water_depth_level_ignore_globals/FlowFM_net.nc
#12 9.843 -- Installing: /delft3d/test/test_data/IniField1dField_water_depth_level_ignore_globals/initialFields.ini
#12 9.844 -- Installing: /delft3d/test/test_data/structures
#12 9.844 -- Installing: /delft3d/test/test_data/structures/structures.ini
#12 9.844 -- Installing: /delft3d/test/test_data/IniField1dField_water_depth_level_no_globals
#12 9.844 -- Installing: /delft3d/test/test_data/IniField1dField_water_depth_level_no_globals/InitialWaterDepth.ini
#12 9.844 -- Installing: /delft3d/test/test_data/IniField1dField_water_depth_level_no_globals/FM_model.mdu
#12 9.844 -- Installing: /delft3d/test/test_data/IniField1dField_water_depth_level_no_globals/InitialWaterLevel.ini
#12 9.844 -- Installing: /delft3d/test/test_data/IniField1dField_water_depth_level_no_globals/FlowFM_net.nc
#12 9.845 -- Installing: /delft3d/test/test_data/IniField1dField_water_depth_level_no_globals/initialFields.ini
#12 9.845 -- Installing: /delft3d/test/test_data/IniField1dField_water_depth_global_level
#12 9.845 -- Installing: /delft3d/test/test_data/IniField1dField_water_depth_global_level/InitialWaterDepth.ini
#12 9.845 -- Installing: /delft3d/test/test_data/IniField1dField_water_depth_global_level/FM_model.mdu
#12 9.845 -- Installing: /delft3d/test/test_data/IniField1dField_water_depth_global_level/InitialWaterLevel.ini
#12 9.845 -- Installing: /delft3d/test/test_data/IniField1dField_water_depth_global_level/FlowFM_net.nc
#12 9.845 -- Installing: /delft3d/test/test_data/IniField1dField_water_depth_global_level/initialFields.ini
#12 9.845 -- Installing: /delft3d/test/test_data/IniField1dField_water_only_depths
#12 9.846 -- Installing: /delft3d/test/test_data/IniField1dField_water_only_depths/InitialWaterDepth.ini
#12 9.846 -- Installing: /delft3d/test/test_data/IniField1dField_water_only_depths/FM_model.mdu
#12 9.846 -- Installing: /delft3d/test/test_data/IniField1dField_water_only_depths/InitialWaterLevel.ini
#12 9.846 -- Installing: /delft3d/test/test_data/IniField1dField_water_only_depths/FlowFM_net.nc
#12 9.846 -- Installing: /delft3d/test/test_data/IniField1dField_water_only_depths/initialFields.ini
#12 9.846 -- Installing: /delft3d/test/test_data/observations_snapped
#12 9.846 -- Installing: /delft3d/test/test_data/observations_snapped/BoundaryConditions.bc
#12 9.846 -- Installing: /delft3d/test/test_data/observations_snapped/Flow1d_net.nc
#12 9.847 -- Installing: /delft3d/test/test_data/observations_snapped/ObservationPoints.ini
#12 9.847 -- Installing: /delft3d/test/test_data/observations_snapped/Flow1d.ext
#12 9.847 -- Installing: /delft3d/test/test_data/observations_snapped/Flow1d.mdu
#12 9.847 -- Installing: /delft3d/test/dflowfm_kernel_test
#12 9.859 -- Set non-toolchain portion of runtime path of "/delft3d/test/dflowfm_kernel_test" to "$ORIGIN:$ORIGIN/../lib:/root/.conan2/p/b/trianc29474059fe27/p/lib:/root/.conan2/p/b/proj1ca83637a8764/p/lib:/root/.conan2/p/b/libtia51bfb8a49275/p/lib:/root/.conan2/p/b/zlib8c834d1aaa5e4/p/lib:/root/.conan2/p/b/gdalb808327aa7ea1/p/lib:/root/.conan2/p/b/libge10886a5419d35/p/lib:/root/.conan2/p/b/netcde99a1414b9b10/p/lib:/root/.conan2/p/b/netcd1639dd0e8f4d8/p/lib:/root/.conan2/p/b/hdf57a948b2e684da/p/lib:/root/.conan2/p/b/precid8a632aacdd90/p/lib:/root/.conan2/p/b/boost9d7881159c8d9/p/lib:/root/.conan2/p/b/libxm9e0475939882d/p/lib:/root/.conan2/p/b/petscfb881278fb6b3/p/lib"
#12 9.859 -- Installing: /delft3d/test/test_deltares_common
#12 9.861 -- Set non-toolchain portion of runtime path of "/delft3d/test/test_deltares_common" to "$ORIGIN:$ORIGIN/../lib"
#12 9.861 -- Up-to-date: /delft3d/test/test_data
#12 9.861 -- Installing: /delft3d/test/test_data/no-chapters.ini
#12 9.861 -- Installing: /delft3d/test/test_data/simple-file.ini
#12 9.861 -- Installing: /delft3d/test/test_data/test_strings.ini
#12 9.861 -- Installing: /delft3d/test/test_data/test_fileversion.ini
#12 9.861 -- Installing: /delft3d/test/tests
#12 9.862 -- Installing: /delft3d/test/tests/readme.txt
#12 9.862 -- Installing: /delft3d/test/tests/FMtests.c0fg
#12 9.862 -- Installing: /delft3d/test/tests/CFtests.c0fg
#12 9.862 -- Installing: /delft3d/test/tests/Gtest
#12 9.862 -- Installing: /delft3d/test/tests/Gtest/test_ec_module.cpp
#12 9.862 -- Installing: /delft3d/test/tests/Gtest/test_ec_module.f90
#12 9.862 -- Installing: /delft3d/test/tests/FMtests
#12 9.863 -- Installing: /delft3d/test/tests/FMtests/f06_external_forcing
#12 9.863 -- Installing: /delft3d/test/tests/FMtests/f06_external_forcing/c063_rain
#12 9.863 -- Installing: /delft3d/test/tests/FMtests/f06_external_forcing/c063_rain/rainschematic.ext
#12 9.863 -- Installing: /delft3d/test/tests/FMtests/f06_external_forcing/c063_rain/rainschematic.tim
#12 9.863 -- Installing: /delft3d/test/tests/FMtests/f06_external_forcing/c063_rain/test.cfg
#12 9.863 -- Installing: /delft3d/test/tests/FMtests/f06_external_forcing/c063_rain/rainschematic.mdu
#12 9.863 -- Installing: /delft3d/test/tests/FMtests/f06_external_forcing/c063_rain/e02_f06_c063_rain.tree.ref
#12 9.864 -- Installing: /delft3d/test/tests/FMtests/f06_external_forcing/c063_rain/e02_f06_c063.ref
#12 9.864 -- Installing: /delft3d/test/tests/FMtests/f06_external_forcing/c069_rain_bc
#12 9.864 -- Installing: /delft3d/test/tests/FMtests/f06_external_forcing/c069_rain_bc/test.c0fg
#12 9.864 -- Installing: /delft3d/test/tests/FMtests/f06_external_forcing/c069_rain_bc/rainschematic.ext
#12 9.864 -- Installing: /delft3d/test/tests/FMtests/f06_external_forcing/c069_rain_bc/rainschematic.mdu
#12 9.864 -- Installing: /delft3d/test/tests/FMtests/f06_external_forcing/c069_rain_bc/my_forcing.bc
#12 9.864 -- Installing: /delft3d/test/tests/FMtests/f18_boundar_conditions_3d
#12 9.865 -- Installing: /delft3d/test/tests/FMtests/f18_boundar_conditions_3d/c020_uxuyadvectionvelocitybnd3d_bc
#12 9.865 -- Installing: /delft3d/test/tests/FMtests/f18_boundar_conditions_3d/c020_uxuyadvectionvelocitybnd3d_bc/zuiduxuy.pli
#12 9.865 -- Installing: /delft3d/test/tests/FMtests/f18_boundar_conditions_3d/c020_uxuyadvectionvelocitybnd3d_bc/tangzuidlev.pli
#12 9.865 -- Installing: /delft3d/test/tests/FMtests/f18_boundar_conditions_3d/c020_uxuyadvectionvelocitybnd3d_bc/tangnoordlev.pli
#12 9.865 -- Installing: /delft3d/test/tests/FMtests/f18_boundar_conditions_3d/c020_uxuyadvectionvelocitybnd3d_bc/tang_new.bc
#12 9.865 -- Installing: /delft3d/test/tests/FMtests/f18_boundar_conditions_3d/c020_uxuyadvectionvelocitybnd3d_bc/test.cfg
#12 9.865 -- Installing: /delft3d/test/tests/FMtests/f18_boundar_conditions_3d/c020_uxuyadvectionvelocitybnd3d_bc/e02_f18_c020_uxuyadvectionvelocitybnd3d_bc.tree.ref
#12 9.865 -- Installing: /delft3d/test/tests/FMtests/f18_boundar_conditions_3d/c020_uxuyadvectionvelocitybnd3d_bc/tang_new.ext
#12 9.866 -- Installing: /delft3d/test/tests/FMtests/f18_boundar_conditions_3d/c020_uxuyadvectionvelocitybnd3d_bc/uxuy_3d.mdu
#12 9.866 -- Installing: /delft3d/test/tests/FMtests/f18_boundar_conditions_3d/c020_uxuyadvectionvelocitybnd3d_bc/e02_f18_c020.ref
#12 9.866 -- Installing: /delft3d/test/tests/FMtests/f18_boundar_conditions_3d/c021_3d_bc_reordered
#12 9.866 -- Installing: /delft3d/test/tests/FMtests/f18_boundar_conditions_3d/c021_3d_bc_reordered/zuiduxuy.pli
#12 9.866 -- Installing: /delft3d/test/tests/FMtests/f18_boundar_conditions_3d/c021_3d_bc_reordered/tangzuidlev.pli
#12 9.866 -- Installing: /delft3d/test/tests/FMtests/f18_boundar_conditions_3d/c021_3d_bc_reordered/tangnoordlev.pli
#12 9.867 -- Installing: /delft3d/test/tests/FMtests/f18_boundar_conditions_3d/c021_3d_bc_reordered/tang_new.bc
#12 9.867 -- Installing: /delft3d/test/tests/FMtests/f18_boundar_conditions_3d/c021_3d_bc_reordered/e02_f18_c021_3d_bc_reordered.tree.ref
#12 9.867 -- Installing: /delft3d/test/tests/FMtests/f18_boundar_conditions_3d/c021_3d_bc_reordered/test.cfg
#12 9.867 -- Installing: /delft3d/test/tests/FMtests/f18_boundar_conditions_3d/c021_3d_bc_reordered/e02_f18_c021.ref
#12 9.867 -- Installing: /delft3d/test/tests/FMtests/f18_boundar_conditions_3d/c021_3d_bc_reordered/tang_new.ext
#12 9.868 -- Installing: /delft3d/test/tests/FMtests/f18_boundar_conditions_3d/c021_3d_bc_reordered/uxuy_3d.mdu
#12 9.868 -- Installing: /delft3d/test/tests/FMtests/c001_general
#12 9.868 -- Installing: /delft3d/test/tests/FMtests/c001_general/ectests.ipynb
#12 9.868 -- Installing: /delft3d/test/tests/FMtests/c001_general/test01.ref
#12 9.868 -- Installing: /delft3d/test/tests/FMtests/c001_general/test01.tree.ref
#12 9.869 -- Installing: /delft3d/test/tests/FMtests/c001_general/tfl_01.pli
#12 9.869 -- Installing: /delft3d/test/tests/FMtests/c001_general/test02.tree.ref
#12 9.869 -- Installing: /delft3d/test/tests/FMtests/c001_general/test02.ref
#12 9.869 -- Installing: /delft3d/test/tests/FMtests/c001_general/test03.ref
#12 9.869 -- Installing: /delft3d/test/tests/FMtests/c001_general/test03.tree.ref
#12 9.869 -- Installing: /delft3d/test/tests/FMtests/c001_general/tfl_01_0001.tim
#12 9.869 -- Installing: /delft3d/test/tests/FMtests/c001_general/tfl_01_0002.tim
#12 9.870 -- Installing: /delft3d/test/tests/FMtests/f11_wind
#12 9.870 -- Installing: /delft3d/test/tests/FMtests/f11_wind/c010_spatially_varying_wind
#12 9.870 -- Installing: /delft3d/test/tests/FMtests/f11_wind/c010_spatially_varying_wind/wind.mdu
#12 9.871 -- Installing: /delft3d/test/tests/FMtests/f11_wind/c010_spatially_varying_wind/dimr.xml
#12 9.871 -- Installing: /delft3d/test/tests/FMtests/f11_wind/c010_spatially_varying_wind/wind.png
#12 9.871 -- Installing: /delft3d/test/tests/FMtests/f11_wind/c010_spatially_varying_wind/e02_f11_c010_spatially_varying_wind.tree.ref
#12 9.872 -- Installing: /delft3d/test/tests/FMtests/f11_wind/c010_spatially_varying_wind/test.cfg
#12 9.872 -- Installing: /delft3d/test/tests/FMtests/f11_wind/c010_spatially_varying_wind/e02_f11_c010.ref
#12 9.872 -- Installing: /delft3d/test/tests/FMtests/f11_wind/c010_spatially_varying_wind/bounds.pol
#12 9.872 -- Installing: /delft3d/test/tests/FMtests/f11_wind/c010_spatially_varying_wind/wind.ext
#12 9.872 -- Installing: /delft3d/test/tests/FMtests/f11_wind/c010_spatially_varying_wind/windsetup.m
#12 9.872 -- Installing: /delft3d/test/tests/FMtests/f11_wind/c010_spatially_varying_wind/windtest.amu
#12 9.872 -- Installing: /delft3d/test/tests/FMtests/f11_wind/c010_spatially_varying_wind/sfertrian_net.nc
#12 9.873 -- Installing: /delft3d/test/tests/FMtests/f11_wind/c010_spatially_varying_wind/sferblok_net.nc
#12 9.873 -- Installing: /delft3d/test/tests/FMtests/f11_wind/c010_spatially_varying_wind/windtest.amv
#12 9.873 -- Installing: /delft3d/test/tests/FMtests/f11_wind/c055_curvi_netcdf
#12 9.873 -- Installing: /delft3d/test/tests/FMtests/f11_wind/c055_curvi_netcdf/wind_deltares_matroos_hirlam72_20150418.nc
#12 9.913 -- Installing: /delft3d/test/tests/FMtests/f11_wind/c055_curvi_netcdf/windcase.ext
#12 9.913 -- Installing: /delft3d/test/tests/FMtests/f11_wind/c055_curvi_netcdf/windcase_net.nc
#12 9.913 -- Installing: /delft3d/test/tests/FMtests/f11_wind/c055_curvi_netcdf/e02_f11_c055_curvi_netcdf_windx.tree.ref
#12 9.913 -- Installing: /delft3d/test/tests/FMtests/f11_wind/c055_curvi_netcdf/test.cfg
#12 9.913 -- Installing: /delft3d/test/tests/FMtests/f11_wind/c055_curvi_netcdf/e02_f11_c055_curvi_netcdf_p.tree.ref
#12 9.913 -- Installing: /delft3d/test/tests/FMtests/f11_wind/c055_curvi_netcdf/e02_f11_c055_p.ref
#12 9.914 -- Installing: /delft3d/test/tests/FMtests/f11_wind/c055_curvi_netcdf/windcase.mdu
#12 9.914 -- Installing: /delft3d/test/tests/FMtests/f11_wind/c055_curvi_netcdf/e02_f11_c055_curvi_netcdf_windy.tree.ref
#12 9.914 -- Installing: /delft3d/test/tests/FMtests/f11_wind/c055_curvi_netcdf/e02_f11_c055_windy.ref
#12 9.914 -- Installing: /delft3d/test/tests/FMtests/f11_wind/c055_curvi_netcdf/e02_f11_c055_windx.ref
#12 9.914 -- Installing: /delft3d/test/tests/FMtests/f05_boundary_conditions
#12 9.915 -- Installing: /delft3d/test/tests/FMtests/f05_boundary_conditions/c023_astronomic_bc_cmp_mismatchstart
#12 9.915 -- Installing: /delft3d/test/tests/FMtests/f05_boundary_conditions/c023_astronomic_bc_cmp_mismatchstart/astronomic_all.bc
#12 9.915 -- Installing: /delft3d/test/tests/FMtests/f05_boundary_conditions/c023_astronomic_bc_cmp_mismatchstart/astronomic_02.pli
#12 9.915 -- Installing: /delft3d/test/tests/FMtests/f05_boundary_conditions/c023_astronomic_bc_cmp_mismatchstart/astronomic_01.pli
#12 9.915 -- Installing: /delft3d/test/tests/FMtests/f05_boundary_conditions/c023_astronomic_bc_cmp_mismatchstart/astronomic.ext
#12 9.915 -- Installing: /delft3d/test/tests/FMtests/f05_boundary_conditions/c019_waterlevel_bc_cmp_varying
#12 9.916 -- Installing: /delft3d/test/tests/FMtests/f05_boundary_conditions/c019_waterlevel_bc_cmp_varying/e02_f05_c019.ref
#12 9.916 -- Installing: /delft3d/test/tests/FMtests/f05_boundary_conditions/c019_waterlevel_bc_cmp_varying/tfl.mdu
#12 9.916 -- Installing: /delft3d/test/tests/FMtests/f05_boundary_conditions/c019_waterlevel_bc_cmp_varying/tfl_01.pli
#12 9.916 -- Installing: /delft3d/test/tests/FMtests/f05_boundary_conditions/c019_waterlevel_bc_cmp_varying/test.cfg
#12 9.916 -- Installing: /delft3d/test/tests/FMtests/f05_boundary_conditions/c019_waterlevel_bc_cmp_varying/tfl.bc
#12 9.916 -- Installing: /delft3d/test/tests/FMtests/f05_boundary_conditions/c019_waterlevel_bc_cmp_varying/tfl.ext
#12 9.916 -- Installing: /delft3d/test/tests/FMtests/f05_boundary_conditions/c019_waterlevel_bc_cmp_varying/tfl_net.nc
#12 9.916 -- Installing: /delft3d/test/tests/FMtests/f05_boundary_conditions/c019_waterlevel_bc_cmp_varying/e02_f05_c019_waterlevel_bc_cmp_varying.tree.ref
#12 9.917 -- Installing: /delft3d/test/tests/FMtests/f05_boundary_conditions/c025_astronomic_bc_cmp_tim
#12 9.917 -- Installing: /delft3d/test/tests/FMtests/f05_boundary_conditions/c025_astronomic_bc_cmp_tim/surge_setup.bc
#12 9.917 -- Installing: /delft3d/test/tests/FMtests/f05_boundary_conditions/c025_astronomic_bc_cmp_tim/astronomic_all.bc
#12 9.917 -- Installing: /delft3d/test/tests/FMtests/f05_boundary_conditions/c025_astronomic_bc_cmp_tim/astronomic_02.pli
#12 9.917 -- Installing: /delft3d/test/tests/FMtests/f05_boundary_conditions/c025_astronomic_bc_cmp_tim/astronomic_01.pli
#12 9.917 -- Installing: /delft3d/test/tests/FMtests/f05_boundary_conditions/c025_astronomic_bc_cmp_tim/astronomic_04.pli
#12 9.918 -- Installing: /delft3d/test/tests/FMtests/f05_boundary_conditions/c025_astronomic_bc_cmp_tim/astronomic.ext
#12 9.918 -- Installing: /delft3d/test/tests/FMtests/f05_boundary_conditions/c025_astronomic_bc_cmp_tim/combined.bc
#12 9.918 -- Installing: /delft3d/test/tests/FMtests/f05_boundary_conditions/c016_waterlevel_bc_tim_constant
#12 9.918 -- Installing: /delft3d/test/tests/FMtests/f05_boundary_conditions/c016_waterlevel_bc_tim_constant/tfl.mdu
#12 9.918 -- Installing: /delft3d/test/tests/FMtests/f05_boundary_conditions/c016_waterlevel_bc_tim_constant/e02_f05_c016_waterlevel_bc_tim_constant.tree.ref
#12 9.918 -- Installing: /delft3d/test/tests/FMtests/f05_boundary_conditions/c016_waterlevel_bc_tim_constant/tfl_01.pli
#12 9.918 -- Installing: /delft3d/test/tests/FMtests/f05_boundary_conditions/c016_waterlevel_bc_tim_constant/test.cfg
#12 9.918 -- Installing: /delft3d/test/tests/FMtests/f05_boundary_conditions/c016_waterlevel_bc_tim_constant/e02_f05_c016.ref
#12 9.919 -- Installing: /delft3d/test/tests/FMtests/f05_boundary_conditions/c016_waterlevel_bc_tim_constant/tfl_01.bc
#12 9.919 -- Installing: /delft3d/test/tests/FMtests/f05_boundary_conditions/c017_waterlevel_bc_tim_varying
#12 9.919 -- Installing: /delft3d/test/tests/FMtests/f05_boundary_conditions/c017_waterlevel_bc_tim_varying/e02_f05_c017_waterlevel_bc_tim_varying.tree.ref
#12 9.920 -- Installing: /delft3d/test/tests/FMtests/f05_boundary_conditions/c017_waterlevel_bc_tim_varying/e02_f05_c017.ref
#12 9.920 -- Installing: /delft3d/test/tests/FMtests/f05_boundary_conditions/c017_waterlevel_bc_tim_varying/tfl.mdu
#12 9.920 -- Installing: /delft3d/test/tests/FMtests/f05_boundary_conditions/c017_waterlevel_bc_tim_varying/tfl_01.pli
#12 9.920 -- Installing: /delft3d/test/tests/FMtests/f05_boundary_conditions/c017_waterlevel_bc_tim_varying/test.cfg
#12 9.920 -- Installing: /delft3d/test/tests/FMtests/f05_boundary_conditions/c017_waterlevel_bc_tim_varying/tfl_01.bc
#12 9.920 -- Installing: /delft3d/test/tests/FMtests/f05_boundary_conditions/c013_waterlevel_tim_mismatchend
#12 9.920 -- Installing: /delft3d/test/tests/FMtests/f05_boundary_conditions/c013_waterlevel_tim_mismatchend/e02_f05_c013.ref
#12 9.921 -- Installing: /delft3d/test/tests/FMtests/f05_boundary_conditions/c013_waterlevel_tim_mismatchend/tfl.mdu
#12 9.921 -- Installing: /delft3d/test/tests/FMtests/f05_boundary_conditions/c013_waterlevel_tim_mismatchend/tfl_01.pli
#12 9.921 -- Installing: /delft3d/test/tests/FMtests/f05_boundary_conditions/c013_waterlevel_tim_mismatchend/test.cfg
#12 9.921 -- Installing: /delft3d/test/tests/FMtests/f05_boundary_conditions/c013_waterlevel_tim_mismatchend/tfl_01_0001.tim
#12 9.921 -- Installing: /delft3d/test/tests/FMtests/f05_boundary_conditions/c013_waterlevel_tim_mismatchend/tfl_01_0002.tim
#12 9.921 -- Installing: /delft3d/test/tests/FMtests/f05_boundary_conditions/c013_waterlevel_tim_mismatchend/e02_f05_c013_waterlevel_tim_mismatchend.tree.ref
#12 9.922 -- Installing: /delft3d/test/tests/FMtests/f05_boundary_conditions/c026_astronomic_bc_cmp_corr_tim
#12 9.922 -- Installing: /delft3d/test/tests/FMtests/f05_boundary_conditions/c026_astronomic_bc_cmp_corr_tim/surge_setup.bc
#12 9.922 -- Installing: /delft3d/test/tests/FMtests/f05_boundary_conditions/c026_astronomic_bc_cmp_corr_tim/astronomic_all.bc
#12 9.922 -- Installing: /delft3d/test/tests/FMtests/f05_boundary_conditions/c026_astronomic_bc_cmp_corr_tim/astronomic_02.pli
#12 9.922 -- Installing: /delft3d/test/tests/FMtests/f05_boundary_conditions/c026_astronomic_bc_cmp_corr_tim/astronomic_01.pli
#12 9.922 -- Installing: /delft3d/test/tests/FMtests/f05_boundary_conditions/c026_astronomic_bc_cmp_corr_tim/astronomic.ext
#12 9.922 -- Installing: /delft3d/test/tests/FMtests/f05_boundary_conditions/c026_astronomic_bc_cmp_corr_tim/astronomic_corr.bc
#12 9.922 -- Installing: /delft3d/test/tests/FMtests/f05_boundary_conditions/c021_astronomic_cmp_mismatchstart
#12 9.923 -- Installing: /delft3d/test/tests/FMtests/f05_boundary_conditions/c021_astronomic_cmp_mismatchstart/astronomic_01_0002.cmp
#12 9.923 -- Installing: /delft3d/test/tests/FMtests/f05_boundary_conditions/c021_astronomic_cmp_mismatchstart/astronomic_01.pli
#12 9.923 -- Installing: /delft3d/test/tests/FMtests/f05_boundary_conditions/c021_astronomic_cmp_mismatchstart/astronomic.ext
#12 9.923 -- Installing: /delft3d/test/tests/FMtests/f05_boundary_conditions/c021_astronomic_cmp_mismatchstart/astronomic_01_0001.cmp
#12 9.923 -- Installing: /delft3d/test/tests/FMtests/f05_boundary_conditions/c012_waterlevel_tim_mismatchstart
#12 9.923 -- Installing: /delft3d/test/tests/FMtests/f05_boundary_conditions/c012_waterlevel_tim_mismatchstart/tfl.mdu
#12 9.923 -- Installing: /delft3d/test/tests/FMtests/f05_boundary_conditions/c012_waterlevel_tim_mismatchstart/tfl_01.pli
#12 9.924 -- Installing: /delft3d/test/tests/FMtests/f05_boundary_conditions/c012_waterlevel_tim_mismatchstart/test.cfg
#12 9.924 -- Installing: /delft3d/test/tests/FMtests/f05_boundary_conditions/c012_waterlevel_tim_mismatchstart/e02_f05_c012.ref
#12 9.924 -- Installing: /delft3d/test/tests/FMtests/f05_boundary_conditions/c012_waterlevel_tim_mismatchstart/e02_f05_c012_waterlevel_tim_mismatchstart.tree.ref
#12 9.924 -- Installing: /delft3d/test/tests/FMtests/f05_boundary_conditions/c012_waterlevel_tim_mismatchstart/tfl_01_0001.tim
#12 9.924 -- Installing: /delft3d/test/tests/FMtests/f05_boundary_conditions/c012_waterlevel_tim_mismatchstart/tfl_01_0002.tim
#12 9.924 -- Installing: /delft3d/test/tests/FMtests/f05_boundary_conditions/c140_waterlevel_bc_julian
#12 9.924 -- Installing: /delft3d/test/tests/FMtests/f05_boundary_conditions/c140_waterlevel_bc_julian/tfl_01.pli
#12 9.924 -- Installing: /delft3d/test/tests/FMtests/f05_boundary_conditions/c140_waterlevel_bc_julian/tfl.ext
#12 9.924 -- Installing: /delft3d/test/tests/FMtests/f05_boundary_conditions/c140_waterlevel_bc_julian/tfl_01.bc
#12 9.925 -- Installing: /delft3d/test/tests/FMtests/f05_boundary_conditions/c080_qhbnd
#12 9.925 -- Installing: /delft3d/test/tests/FMtests/f05_boundary_conditions/c080_qhbnd/left01_0002.cmp
#12 9.925 -- Installing: /delft3d/test/tests/FMtests/f05_boundary_conditions/c080_qhbnd/left01_0001.cmp
#12 9.925 -- Installing: /delft3d/test/tests/FMtests/f05_boundary_conditions/c080_qhbnd/right01.qh
#12 9.925 -- Installing: /delft3d/test/tests/FMtests/f05_boundary_conditions/c080_qhbnd/right01.pli
#12 9.925 -- Installing: /delft3d/test/tests/FMtests/f05_boundary_conditions/c080_qhbnd/left01.pli
#12 9.925 -- Installing: /delft3d/test/tests/FMtests/f05_boundary_conditions/c080_qhbnd/simplechannel.ext
#12 9.925 -- Installing: /delft3d/test/tests/FMtests/f05_boundary_conditions/c010_waterlevel_tim_constant
#12 9.926 -- Installing: /delft3d/test/tests/FMtests/f05_boundary_conditions/c010_waterlevel_tim_constant/e02_f05_c010_waterlevel_tim_constant.tree.ref
#12 9.926 -- Installing: /delft3d/test/tests/FMtests/f05_boundary_conditions/c010_waterlevel_tim_constant/tfl.mdu
#12 9.926 -- Installing: /delft3d/test/tests/FMtests/f05_boundary_conditions/c010_waterlevel_tim_constant/tfl_01.pli
#12 9.926 -- Installing: /delft3d/test/tests/FMtests/f05_boundary_conditions/c010_waterlevel_tim_constant/test.cfg
#12 9.926 -- Installing: /delft3d/test/tests/FMtests/f05_boundary_conditions/c010_waterlevel_tim_constant/tfl_01_0001.tim
#12 9.926 -- Installing: /delft3d/test/tests/FMtests/f05_boundary_conditions/c010_waterlevel_tim_constant/tfl_01_0002.tim
#12 9.927 -- Installing: /delft3d/test/tests/FMtests/f05_boundary_conditions/c010_waterlevel_tim_constant/e02_f05_c010.ref
#12 9.927 -- Installing: /delft3d/test/tests/FMtests/f05_boundary_conditions/c027_astronomic_many_cmp
#12 9.927 -- Installing: /delft3d/test/tests/FMtests/f05_boundary_conditions/c027_astronomic_many_cmp/astronomic_01_0002.cmp
#12 9.927 -- Installing: /delft3d/test/tests/FMtests/f05_boundary_conditions/c027_astronomic_many_cmp/astronomic_02_0002.cmp
#12 9.927 -- Installing: /delft3d/test/tests/FMtests/f05_boundary_conditions/c027_astronomic_many_cmp/e02_f05_c027.ref
#12 9.927 -- Installing: /delft3d/test/tests/FMtests/f05_boundary_conditions/c027_astronomic_many_cmp/test.cfg
#12 9.927 -- Installing: /delft3d/test/tests/FMtests/f05_boundary_conditions/c027_astronomic_many_cmp/astronomic_02.pli
#12 9.928 -- Installing: /delft3d/test/tests/FMtests/f05_boundary_conditions/c027_astronomic_many_cmp/astronomic_01.pli
#12 9.928 -- Installing: /delft3d/test/tests/FMtests/f05_boundary_conditions/c027_astronomic_many_cmp/c027_astronomic_many_cmp.tree.ref
#12 9.928 -- Installing: /delft3d/test/tests/FMtests/f05_boundary_conditions/c027_astronomic_many_cmp/astronomic_02_0001.cmp
#12 9.928 -- Installing: /delft3d/test/tests/FMtests/f05_boundary_conditions/c027_astronomic_many_cmp/astronomic_01_0001.cmp
#12 9.928 -- Installing: /delft3d/test/tests/FMtests/f05_boundary_conditions/c027_astronomic_many_cmp/astronomic.mdu
#12 9.928 -- Installing: /delft3d/test/tests/FMtests/f05_boundary_conditions/c022_astronomic_bc_cmp_standard
#12 9.928 -- Installing: /delft3d/test/tests/FMtests/f05_boundary_conditions/c022_astronomic_bc_cmp_standard/astronomic_all.bc
#12 9.928 -- Installing: /delft3d/test/tests/FMtests/f05_boundary_conditions/c022_astronomic_bc_cmp_standard/astronomic_01.pli
#12 9.928 -- Installing: /delft3d/test/tests/FMtests/f05_boundary_conditions/c022_astronomic_bc_cmp_standard/astronomic.ext
#12 9.928 -- Installing: /delft3d/test/tests/FMtests/f05_boundary_conditions/c024_astronomic_bc_cmp_corr
#12 9.929 -- Installing: /delft3d/test/tests/FMtests/f05_boundary_conditions/c024_astronomic_bc_cmp_corr/astronomic_all.bc
#12 9.929 -- Installing: /delft3d/test/tests/FMtests/f05_boundary_conditions/c024_astronomic_bc_cmp_corr/astronomic_02.pli
#12 9.929 -- Installing: /delft3d/test/tests/FMtests/f05_boundary_conditions/c024_astronomic_bc_cmp_corr/astronomic_01.pli
#12 9.929 -- Installing: /delft3d/test/tests/FMtests/f05_boundary_conditions/c024_astronomic_bc_cmp_corr/astronomic.ext
#12 9.929 -- Installing: /delft3d/test/tests/FMtests/f05_boundary_conditions/c024_astronomic_bc_cmp_corr/astronomic_corr.bc
#12 9.929 -- Installing: /delft3d/test/tests/FMtests/f05_boundary_conditions/c084_qhbnd_bc
#12 9.929 -- Installing: /delft3d/test/tests/FMtests/f05_boundary_conditions/c084_qhbnd_bc/simplechannel.bc
#12 9.930 -- Installing: /delft3d/test/tests/FMtests/f05_boundary_conditions/c084_qhbnd_bc/right01.pli
#12 9.930 -- Installing: /delft3d/test/tests/FMtests/f05_boundary_conditions/c084_qhbnd_bc/left01.pli
#12 9.930 -- Installing: /delft3d/test/tests/FMtests/f05_boundary_conditions/c084_qhbnd_bc/simplechannel.ext
#12 9.930 -- Installing: /delft3d/test/tests/FMtests/f05_boundary_conditions/c014_waterlevel_cmp_constant
#12 9.930 -- Installing: /delft3d/test/tests/FMtests/f05_boundary_conditions/c014_waterlevel_cmp_constant/tfl_01_0002.cmp
#12 9.930 -- Installing: /delft3d/test/tests/FMtests/f05_boundary_conditions/c014_waterlevel_cmp_constant/e02_f05_c014_waterlevel_cmp_constant.tree.ref
#12 9.930 -- Installing: /delft3d/test/tests/FMtests/f05_boundary_conditions/c014_waterlevel_cmp_constant/tfl.mdu
#12 9.930 -- Installing: /delft3d/test/tests/FMtests/f05_boundary_conditions/c014_waterlevel_cmp_constant/tfl_01.pli
#12 9.930 -- Installing: /delft3d/test/tests/FMtests/f05_boundary_conditions/c014_waterlevel_cmp_constant/test.cfg
#12 9.931 -- Installing: /delft3d/test/tests/FMtests/f05_boundary_conditions/c014_waterlevel_cmp_constant/tfl_01_0001.cmp
#12 9.931 -- Installing: /delft3d/test/tests/FMtests/f05_boundary_conditions/c014_waterlevel_cmp_constant/e02_f05_c014.ref
#12 9.931 -- Installing: /delft3d/test/tests/FMtests/f05_boundary_conditions/c011_waterlevel_tim_varying
#12 9.931 -- Installing: /delft3d/test/tests/FMtests/f05_boundary_conditions/c011_waterlevel_tim_varying/tfl.mdu
#12 9.931 -- Installing: /delft3d/test/tests/FMtests/f05_boundary_conditions/c011_waterlevel_tim_varying/tfl_01.pli
#12 9.931 -- Installing: /delft3d/test/tests/FMtests/f05_boundary_conditions/c011_waterlevel_tim_varying/test.cfg
#12 9.931 -- Installing: /delft3d/test/tests/FMtests/f05_boundary_conditions/c011_waterlevel_tim_varying/e02_f05_c011_waterlevel_tim_varying.tree.ref
#12 9.932 -- Installing: /delft3d/test/tests/FMtests/f05_boundary_conditions/c011_waterlevel_tim_varying/e02_f05_c011.ref
#12 9.932 -- Installing: /delft3d/test/tests/FMtests/f05_boundary_conditions/c011_waterlevel_tim_varying/tfl_01_0001.tim
#12 9.932 -- Installing: /delft3d/test/tests/FMtests/f05_boundary_conditions/c011_waterlevel_tim_varying/tfl_01_0002.tim
#12 9.932 -- Installing: /delft3d/test/tests/FMtests/f05_boundary_conditions/c015_waterlevel_cmp_varying
#12 9.932 -- Installing: /delft3d/test/tests/FMtests/f05_boundary_conditions/c015_waterlevel_cmp_varying/tfl_01_0002.cmp
#12 9.932 -- Installing: /delft3d/test/tests/FMtests/f05_boundary_conditions/c015_waterlevel_cmp_varying/e02_f05_c015.ref
#12 9.932 -- Installing: /delft3d/test/tests/FMtests/f05_boundary_conditions/c015_waterlevel_cmp_varying/tfl.mdu
#12 9.933 -- Installing: /delft3d/test/tests/FMtests/f05_boundary_conditions/c015_waterlevel_cmp_varying/tfl_01.pli
#12 9.933 -- Installing: /delft3d/test/tests/FMtests/f05_boundary_conditions/c015_waterlevel_cmp_varying/test.cfg
#12 9.933 -- Installing: /delft3d/test/tests/FMtests/f05_boundary_conditions/c015_waterlevel_cmp_varying/tfl_01_0001.cmp
#12 9.933 -- Installing: /delft3d/test/tests/FMtests/f05_boundary_conditions/c015_waterlevel_cmp_varying/e02_f05_c015_waterlevel_cmp_varying.tree.ref
#12 9.933 -- Installing: /delft3d/test/tests/FMtests/f05_boundary_conditions/c020_astronomic_cmp_standard
#12 9.934 -- Installing: /delft3d/test/tests/FMtests/f05_boundary_conditions/c020_astronomic_cmp_standard/astronomic_01_0002.cmp
#12 9.934 -- Installing: /delft3d/test/tests/FMtests/f05_boundary_conditions/c020_astronomic_cmp_standard/astronomic_02_0002.cmp
#12 9.934 -- Installing: /delft3d/test/tests/FMtests/f05_boundary_conditions/c020_astronomic_cmp_standard/test.cfg
#12 9.934 -- Installing: /delft3d/test/tests/FMtests/f05_boundary_conditions/c020_astronomic_cmp_standard/astronomic_02.pli
#12 9.934 -- Installing: /delft3d/test/tests/FMtests/f05_boundary_conditions/c020_astronomic_cmp_standard/astronomic_01.pli
#12 9.934 -- Installing: /delft3d/test/tests/FMtests/f05_boundary_conditions/c020_astronomic_cmp_standard/e02_f05_c020_astronomic_cmp_standard.tree.ref
#12 9.934 -- Installing: /delft3d/test/tests/FMtests/f05_boundary_conditions/c020_astronomic_cmp_standard/astronomic_02_0001.cmp
#12 9.934 -- Installing: /delft3d/test/tests/FMtests/f05_boundary_conditions/c020_astronomic_cmp_standard/e02_f05_c020.ref
#12 9.935 -- Installing: /delft3d/test/tests/FMtests/f05_boundary_conditions/c020_astronomic_cmp_standard/astronomic_01_0001.cmp
#12 9.935 -- Installing: /delft3d/test/tests/FMtests/f05_boundary_conditions/c020_astronomic_cmp_standard/astronomic.mdu
#12 9.935 -- Installing: /delft3d/test/tests/FMtests/f05_boundary_conditions/c018_waterlevel_bc_cmp_constant
#12 9.935 -- Installing: /delft3d/test/tests/FMtests/f05_boundary_conditions/c018_waterlevel_bc_cmp_constant/tfl.mdu
#12 9.935 -- Installing: /delft3d/test/tests/FMtests/f05_boundary_conditions/c018_waterlevel_bc_cmp_constant/tfl_01.pli
#12 9.936 -- Installing: /delft3d/test/tests/FMtests/f05_boundary_conditions/c018_waterlevel_bc_cmp_constant/test.cfg
#12 9.936 -- Installing: /delft3d/test/tests/FMtests/f05_boundary_conditions/c018_waterlevel_bc_cmp_constant/tfl.bc
#12 9.936 -- Installing: /delft3d/test/tests/FMtests/f05_boundary_conditions/c018_waterlevel_bc_cmp_constant/tfl.ext
#12 9.936 -- Installing: /delft3d/test/tests/FMtests/f05_boundary_conditions/c018_waterlevel_bc_cmp_constant/e02_f05_c018_waterlevel_bc_cmp_constant.tree.ref
#12 9.937 -- Installing: /delft3d/test/tests/FMtests/f05_boundary_conditions/c018_waterlevel_bc_cmp_constant/e02_f05_c018.ref
#12 9.937 -- Installing: /delft3d/test/tests/tests.lst
#12 9.937 -- Installing: /delft3d/test/tests/CFtests
#12 9.937 -- Installing: /delft3d/test/tests/CFtests/test_specs.xlsx
#12 9.937 -- Installing: /delft3d/test/tests/CFtests/testB
#12 9.937 -- Installing: /delft3d/test/tests/CFtests/testB/BoundaryConditions.bc
#12 9.937 -- Installing: /delft3d/test/tests/CFtests/testB/test.cfg
#12 9.937 -- Installing: /delft3d/test/tests/CFtests/testB/testb.tree.ref
#12 9.938 -- Installing: /delft3d/test/tests/CFtests/testB/testB.ref
#12 9.938 -- Installing: /delft3d/test/tests/CFtests/testD
#12 9.938 -- Installing: /delft3d/test/tests/CFtests/testD/BoundaryConditions.bc
#12 9.938 -- Installing: /delft3d/test/tests/CFtests/testD/test.cfg
#12 9.938 -- Installing: /delft3d/test/tests/CFtests/testD/testd.tree.ref
#12 9.938 -- Installing: /delft3d/test/tests/CFtests/testD/testD.ref
#12 9.938 -- Installing: /delft3d/test/tests/CFtests/testC
#12 9.938 -- Installing: /delft3d/test/tests/CFtests/testC/BoundaryConditions.bc
#12 9.938 -- Installing: /delft3d/test/tests/CFtests/testC/test.cfg
#12 9.938 -- Installing: /delft3d/test/tests/CFtests/testC/testc.tree.ref
#12 9.939 -- Installing: /delft3d/test/tests/CFtests/testC/testC.ref
#12 9.939 -- Installing: /delft3d/test/tests/CFtests/testE
#12 9.939 -- Installing: /delft3d/test/tests/CFtests/testE/BoundaryConditions.bc
#12 9.939 -- Installing: /delft3d/test/tests/CFtests/testE/testE.ref
#12 9.940 -- Installing: /delft3d/test/tests/CFtests/testE/teste.tree.ref
#12 9.940 -- Installing: /delft3d/test/tests/CFtests/testE/test.cfg
#12 9.940 -- Installing: /delft3d/test/tests/CFtests/testH
#12 9.941 -- Installing: /delft3d/test/tests/CFtests/testH/testh.tree.ref
#12 9.941 -- Installing: /delft3d/test/tests/CFtests/testH/test.cfg
#12 9.941 -- Installing: /delft3d/test/tests/CFtests/testH/dfm_u10_uniform_alpham0_x_direction.nc
#12 9.941 -- Installing: /delft3d/test/tests/CFtests/testH/testH.ref
#12 9.941 -- Installing: /delft3d/test/tests/CFtests/testG
#12 9.942 -- Installing: /delft3d/test/tests/CFtests/testG/BoundaryConditions.bc
#12 9.942 -- Installing: /delft3d/test/tests/CFtests/testG/test.cfg
#12 9.942 -- Installing: /delft3d/test/tests/CFtests/testG/testG.ref
#12 9.942 -- Installing: /delft3d/test/tests/CFtests/testG/testg.tree.ref
#12 9.942 -- Installing: /delft3d/test/tests/CFtests/testA
#12 9.942 -- Installing: /delft3d/test/tests/CFtests/testA/testA.ref
#12 9.943 -- Installing: /delft3d/test/tests/CFtests/testA/BoundaryConditions.bc
#12 9.943 -- Installing: /delft3d/test/tests/CFtests/testA/test.cfg
#12 9.943 -- Installing: /delft3d/test/tests/CFtests/testA/testa.tree.ref
#12 9.943 -- Installing: /delft3d/test/tests/CFtests/testF
#12 9.943 -- Installing: /delft3d/test/tests/CFtests/testF/BoundaryConditions.bc
#12 9.943 -- Installing: /delft3d/test/tests/CFtests/testF/test.cfg
#12 9.944 -- Installing: /delft3d/test/tests/CFtests/testF/testf.tree.ref
#12 9.944 -- Installing: /delft3d/test/tests/CFtests/testF/testF.ref
#12 9.944 -- Up-to-date: /delft3d/test/.
#12 9.944 -- Installing: /delft3d/test/./run_all_tests.py
#12 9.944 -- Installing: /delft3d/test/ec_module_test
#12 9.946 -- Set non-toolchain portion of runtime path of "/delft3d/test/ec_module_test" to "$ORIGIN:$ORIGIN/../lib:/root/.conan2/p/b/trianc29474059fe27/p/lib:/root/.conan2/p/b/proj1ca83637a8764/p/lib:/root/.conan2/p/b/libtia51bfb8a49275/p/lib:/root/.conan2/p/b/zlib8c834d1aaa5e4/p/lib:/root/.conan2/p/b/gdalb808327aa7ea1/p/lib:/root/.conan2/p/b/libge10886a5419d35/p/lib:/root/.conan2/p/b/netcde99a1414b9b10/p/lib:/root/.conan2/p/b/netcd1639dd0e8f4d8/p/lib:/root/.conan2/p/b/hdf57a948b2e684da/p/lib"
#12 9.946 -- Installing: /delft3d/test/test_io_netcdf
#12 9.948 -- Set non-toolchain portion of runtime path of "/delft3d/test/test_io_netcdf" to "$ORIGIN:$ORIGIN/../lib:/root/.conan2/p/b/proj1ca83637a8764/p/lib:/root/.conan2/p/b/libtia51bfb8a49275/p/lib:/root/.conan2/p/b/zlib8c834d1aaa5e4/p/lib:/root/.conan2/p/b/gdalb808327aa7ea1/p/lib:/root/.conan2/p/b/libge10886a5419d35/p/lib:/root/.conan2/p/b/netcde99a1414b9b10/p/lib:/root/.conan2/p/b/netcd1639dd0e8f4d8/p/lib:/root/.conan2/p/b/hdf57a948b2e684da/p/lib"
#12 9.948 -- Installing: /delft3d/lib/libplugin_culvert.so
#12 9.948 -- Set non-toolchain portion of runtime path of "/delft3d/lib/libplugin_culvert.so" to "$ORIGIN:$ORIGIN/../lib"
#12 9.948 -- Installing: /delft3d/lib/libplugin_delftflow_traform.so
#12 9.949 -- Set non-toolchain portion of runtime path of "/delft3d/lib/libplugin_delftflow_traform.so" to "$ORIGIN:$ORIGIN/../lib"
#12 9.949 -- Installing: /delft3d/lib/libwave.so
#12 9.954 -- Set non-toolchain portion of runtime path of "/delft3d/lib/libwave.so" to "$ORIGIN:$ORIGIN/../lib:/root/.conan2/p/b/trianc29474059fe27/p/lib:/root/.conan2/p/b/proj1ca83637a8764/p/lib:/root/.conan2/p/b/libtia51bfb8a49275/p/lib:/root/.conan2/p/b/zlib8c834d1aaa5e4/p/lib:/root/.conan2/p/b/gdalb808327aa7ea1/p/lib:/root/.conan2/p/b/libge10886a5419d35/p/lib:/root/.conan2/p/b/netcde99a1414b9b10/p/lib:/root/.conan2/p/b/netcd1639dd0e8f4d8/p/lib:/root/.conan2/p/b/hdf57a948b2e684da/p/lib"
#12 9.954 -- Installing: /delft3d/bin/wave
#12 9.959 -- Installing: /delft3d/bin/run_dwaves.sh
#12 9.959 -- Installing: /delft3d/bin/ESMF_RegridWeightGen_in_Delft3D-WAVE.sh
#12 9.959 -- Installing: /delft3d/bin/ESMF_RegridWeightGen
#12 9.968 -- Installing: /delft3d/bin/swan_mpi
#12 9.972 -- Set non-toolchain portion of runtime path of "/delft3d/bin/swan_mpi" to "$ORIGIN:$ORIGIN/../lib:/root/.conan2/p/b/netcde99a1414b9b10/p/lib:/root/.conan2/p/b/netcd1639dd0e8f4d8/p/lib:/root/.conan2/p/b/hdf57a948b2e684da/p/lib:/root/.conan2/p/b/zlib8c834d1aaa5e4/p/lib"
#12 9.972 -- Installing: /delft3d/bin/swan.sh
#12 9.972 -- Installing: /delft3d/bin/swan_omp
#12 9.978 -- Set non-toolchain portion of runtime path of "/delft3d/bin/swan_omp" to "$ORIGIN:$ORIGIN/../lib:/root/.conan2/p/b/netcde99a1414b9b10/p/lib:/root/.conan2/p/b/netcd1639dd0e8f4d8/p/lib:/root/.conan2/p/b/hdf57a948b2e684da/p/lib:/root/.conan2/p/b/zlib8c834d1aaa5e4/p/lib"
#12 9.978 -- Up-to-date: /delft3d/bin/swan.sh
#12 9.978 -- Installing: /delft3d/lib/librr_dll.so
#12 9.984 -- Set non-toolchain portion of runtime path of "/delft3d/lib/librr_dll.so" to "$ORIGIN:$ORIGIN/../lib:/root/.conan2/p/b/trianc29474059fe27/p/lib:/root/.conan2/p/b/proj1ca83637a8764/p/lib:/root/.conan2/p/b/libtia51bfb8a49275/p/lib:/root/.conan2/p/b/zlib8c834d1aaa5e4/p/lib:/root/.conan2/p/b/gdalb808327aa7ea1/p/lib:/root/.conan2/p/b/libge10886a5419d35/p/lib:/root/.conan2/p/b/netcde99a1414b9b10/p/lib:/root/.conan2/p/b/netcd1639dd0e8f4d8/p/lib:/root/.conan2/p/b/hdf57a948b2e684da/p/lib"
#12 9.984 -- Installing: /delft3d/bin/rr
#12 9.986 -- Set non-toolchain portion of runtime path of "/delft3d/bin/rr" to "$ORIGIN:$ORIGIN/../lib:/root/.conan2/p/b/trianc29474059fe27/p/lib:/root/.conan2/p/b/proj1ca83637a8764/p/lib:/root/.conan2/p/b/libtia51bfb8a49275/p/lib:/root/.conan2/p/b/zlib8c834d1aaa5e4/p/lib:/root/.conan2/p/b/gdalb808327aa7ea1/p/lib:/root/.conan2/p/b/libge10886a5419d35/p/lib:/root/.conan2/p/b/netcde99a1414b9b10/p/lib:/root/.conan2/p/b/netcd1639dd0e8f4d8/p/lib:/root/.conan2/p/b/hdf57a948b2e684da/p/lib"
#12 9.986 -- Installing: /delft3d/share/drtc/pi_diag.xsd
#12 9.986 -- Installing: /delft3d/share/drtc/pi_modelparameters.xsd
#12 9.986 -- Installing: /delft3d/share/drtc/pi_run.xsd
#12 9.986 -- Installing: /delft3d/share/drtc/pi_sharedtypes.xsd
#12 9.987 -- Installing: /delft3d/share/drtc/pi_state.xsd
#12 9.987 -- Installing: /delft3d/share/drtc/pi_timeseries.xsd
#12 9.987 -- Installing: /delft3d/share/drtc/rtcDataConfig.xsd
#12 9.987 -- Installing: /delft3d/share/drtc/rtcObjectiveConfig.xsd
#12 9.987 -- Installing: /delft3d/share/drtc/rtcRuntimeConfig.xsd
#12 9.987 -- Installing: /delft3d/share/drtc/rtcSharedTypes.xsd
#12 9.987 -- Installing: /delft3d/share/drtc/rtcStateConfig.xsd
#12 9.987 -- Installing: /delft3d/share/drtc/rtcToolsConfig.xsd
#12 9.988 -- Installing: /delft3d/share/drtc/treeVector.xsd
#12 9.988 -- Installing: /delft3d/bin/FBCTools
#12 9.994 -- Set non-toolchain portion of runtime path of "/delft3d/bin/FBCTools" to "$ORIGIN:$ORIGIN/../lib:/root/.conan2/p/b/boost9d7881159c8d9/p/lib"
#12 9.994 -- Installing: /delft3d/lib/libFBCTools_BMI.so
#12 10.00 -- Set non-toolchain portion of runtime path of "/delft3d/lib/libFBCTools_BMI.so" to "$ORIGIN:$ORIGIN/../lib:/root/.conan2/p/b/boost9d7881159c8d9/p/lib"
#12 10.00 -- Installing: /delft3d/lib/libdsle.so
#12 10.00 -- Set non-toolchain portion of runtime path of "/delft3d/lib/libdsle.so" to "$ORIGIN:$ORIGIN/../lib"
#12 10.01 -- Installing: /delft3d/include/dsle.h
#12 10.01 -- Installing: /delft3d/lib/gridgeom.so
#12 10.01 -- Set non-toolchain portion of runtime path of "/delft3d/lib/gridgeom.so" to "$ORIGIN:$ORIGIN/../lib:/root/.conan2/p/b/trianc29474059fe27/p/lib:/root/.conan2/p/b/proj1ca83637a8764/p/lib:/root/.conan2/p/b/libtia51bfb8a49275/p/lib:/root/.conan2/p/b/zlib8c834d1aaa5e4/p/lib:/root/.conan2/p/b/gdalb808327aa7ea1/p/lib:/root/.conan2/p/b/libge10886a5419d35/p/lib:/root/.conan2/p/b/netcde99a1414b9b10/p/lib:/root/.conan2/p/b/netcd1639dd0e8f4d8/p/lib:/root/.conan2/p/b/hdf57a948b2e684da/p/lib"
#12 10.01 -- Installing: /delft3d/lib/libpugixml.so
#12 10.01 -- Installing: /delft3d/bin/mormerge
#12 10.01 -- Set non-toolchain portion of runtime path of "/delft3d/bin/mormerge" to "$ORIGIN:$ORIGIN/../lib"
#12 10.01 -- Installing: /delft3d/bin/mormerge.tcl
#12 10.01 -- Installing: /delft3d/bin/run_mormerge.sh
#12 10.01 -- Installing: /delft3d/lib/libcosumo_bmi.so
#12 10.01 -- Set non-toolchain portion of runtime path of "/delft3d/lib/libcosumo_bmi.so" to "$ORIGIN:$ORIGIN/../lib:/root/.conan2/p/b/trianc29474059fe27/p/lib:/root/.conan2/p/b/proj1ca83637a8764/p/lib:/root/.conan2/p/b/libtia51bfb8a49275/p/lib:/root/.conan2/p/b/zlib8c834d1aaa5e4/p/lib:/root/.conan2/p/b/gdalb808327aa7ea1/p/lib:/root/.conan2/p/b/libge10886a5419d35/p/lib:/root/.conan2/p/b/netcde99a1414b9b10/p/lib:/root/.conan2/p/b/netcd1639dd0e8f4d8/p/lib:/root/.conan2/p/b/hdf57a948b2e684da/p/lib"
#12 10.01 -- Installing: /delft3d/bin/preC-SUMO
#12 10.01 -- Set non-toolchain portion of runtime path of "/delft3d/bin/preC-SUMO" to "$ORIGIN:$ORIGIN/../lib:/root/.conan2/p/b/precid8a632aacdd90/p/lib:/root/.conan2/p/b/boost9d7881159c8d9/p/lib:/root/.conan2/p/b/libxm9e0475939882d/p/lib:/root/.conan2/p/b/zlib8c834d1aaa5e4/p/lib"
#12 10.16 '/lib64/libc.so.6' -> '/delft3d/lib/libc.so.6'
#12 10.17 '/lib64/libdl.so.2' -> '/delft3d/lib/libdl.so.2'
#12 10.17 '/lib64/libgcc_s.so.1' -> '/delft3d/lib/libgcc_s.so.1'
#12 10.18 '/lib64/libgomp.so.1' -> '/delft3d/lib/libgomp.so.1'
#12 10.19 '/lib64/libm.so.6' -> '/delft3d/lib/libm.so.6'
#12 10.19 '/lib64/libpthread.so.0' -> '/delft3d/lib/libpthread.so.0'
#12 10.20 '/lib64/librt.so.1' -> '/delft3d/lib/librt.so.1'
#12 10.21 '/lib64/libstdc++.so.6' -> '/delft3d/lib/libstdc++.so.6'
#12 10.21 '/opt/intel/oneapi/compiler/2024.2/lib/libifcoremt.so.5' -> '/delft3d/lib/libifcoremt.so.5'
#12 10.22 '/opt/intel/oneapi/compiler/2024.2/lib/libifport.so.5' -> '/delft3d/lib/libifport.so.5'
#12 10.23 '/opt/intel/oneapi/compiler/2024.2/lib/libimf.so' -> '/delft3d/lib/libimf.so'
#12 10.24 '/opt/intel/oneapi/compiler/2024.2/lib/libintlc.so.5' -> '/delft3d/lib/libintlc.so.5'
#12 10.24 '/opt/intel/oneapi/compiler/2024.2/lib/libiomp5.so' -> '/delft3d/lib/libiomp5.so'
#12 10.25 '/opt/intel/oneapi/compiler/2024.2/lib/libirc.so' -> '/delft3d/lib/libirc.so'
#12 10.26 '/opt/intel/oneapi/compiler/2024.2/lib/libirng.so' -> '/delft3d/lib/libirng.so'
#12 10.28 '/opt/intel/oneapi/compiler/2024.2/lib/libsvml.so' -> '/delft3d/lib/libsvml.so'
#12 10.33 '/opt/intel/oneapi/mkl/2024.2/lib/libmkl_core.so.2' -> '/delft3d/lib/libmkl_core.so.2'
#12 10.35 '/opt/intel/oneapi/mkl/2024.2/lib/libmkl_intel_lp64.so.2' -> '/delft3d/lib/libmkl_intel_lp64.so.2'
#12 10.38 '/opt/intel/oneapi/mkl/2024.2/lib/libmkl_sequential.so.2' -> '/delft3d/lib/libmkl_sequential.so.2'
#12 10.39 '/opt/intel/oneapi/mpi/2021.13/lib/libmpi.so.12' -> '/delft3d/lib/libmpi.so.12'
#12 10.40 '/opt/intel/oneapi/mpi/2021.13/lib/libmpicxx.so.12' -> '/delft3d/lib/libmpicxx.so.12'
#12 10.41 '/opt/intel/oneapi/mpi/2021.13/lib/libmpifort.so.12' -> '/delft3d/lib/libmpifort.so.12'
#12 10.42 '/root/.conan2/p/b/boost9d7881159c8d9/p/lib/libboost_atomic.so.1.90.0' -> '/delft3d/lib/libboost_atomic.so.1.90.0'
#12 10.42 '/root/.conan2/p/b/boost9d7881159c8d9/p/lib/libboost_chrono.so.1.90.0' -> '/delft3d/lib/libboost_chrono.so.1.90.0'
#12 10.43 '/root/.conan2/p/b/boost9d7881159c8d9/p/lib/libboost_container.so.1.90.0' -> '/delft3d/lib/libboost_container.so.1.90.0'
#12 10.43 '/root/.conan2/p/b/boost9d7881159c8d9/p/lib/libboost_date_time.so.1.90.0' -> '/delft3d/lib/libboost_date_time.so.1.90.0'
#12 10.44 '/root/.conan2/p/b/boost9d7881159c8d9/p/lib/libboost_filesystem.so.1.90.0' -> '/delft3d/lib/libboost_filesystem.so.1.90.0'
#12 10.44 '/root/.conan2/p/b/boost9d7881159c8d9/p/lib/libboost_log.so.1.90.0' -> '/delft3d/lib/libboost_log.so.1.90.0'
#12 10.45 '/root/.conan2/p/b/boost9d7881159c8d9/p/lib/libboost_log_setup.so.1.90.0' -> '/delft3d/lib/libboost_log_setup.so.1.90.0'
#12 10.46 '/root/.conan2/p/b/boost9d7881159c8d9/p/lib/libboost_program_options.so.1.90.0' -> '/delft3d/lib/libboost_program_options.so.1.90.0'
#12 10.46 '/root/.conan2/p/b/boost9d7881159c8d9/p/lib/libboost_regex.so.1.90.0' -> '/delft3d/lib/libboost_regex.so.1.90.0'
#12 10.47 '/root/.conan2/p/b/boost9d7881159c8d9/p/lib/libboost_serialization.so.1.90.0' -> '/delft3d/lib/libboost_serialization.so.1.90.0'
#12 10.48 '/root/.conan2/p/b/boost9d7881159c8d9/p/lib/libboost_thread.so.1.90.0' -> '/delft3d/lib/libboost_thread.so.1.90.0'
#12 10.48 '/root/.conan2/p/b/boost9d7881159c8d9/p/lib/libboost_unit_test_framework.so.1.90.0' -> '/delft3d/lib/libboost_unit_test_framework.so.1.90.0'
#12 10.49 '/root/.conan2/p/b/expatfacc4438d4b62/p/lib/libexpat.so.1' -> '/delft3d/lib/libexpat.so.1'
#12 10.50 '/root/.conan2/p/b/gdalb808327aa7ea1/p/lib/libgdal.so.38' -> '/delft3d/lib/libgdal.so.38'
#12 10.51 '/root/.conan2/p/b/hdf57a948b2e684da/p/lib/libhdf5.so.310' -> '/delft3d/lib/libhdf5.so.310'
#12 10.52 '/root/.conan2/p/b/hdf57a948b2e684da/p/lib/libhdf5_hl.so.310' -> '/delft3d/lib/libhdf5_hl.so.310'
#12 10.53 '/root/.conan2/p/b/libtia51bfb8a49275/p/lib/libtiff.so.6' -> '/delft3d/lib/libtiff.so.6'
#12 10.53 '/root/.conan2/p/b/libtia51bfb8a49275/p/lib/libtiffxx.so.6' -> '/delft3d/lib/libtiffxx.so.6'
#12 10.54 '/root/.conan2/p/b/netcd1639dd0e8f4d8/p/lib/libnetcdf.so.19' -> '/delft3d/lib/libnetcdf.so.19'
#12 10.55 '/root/.conan2/p/b/netcde99a1414b9b10/p/lib/libnetcdff.so.7' -> '/delft3d/lib/libnetcdff.so.7'
#12 10.56 '/root/.conan2/p/b/petscfb881278fb6b3/p/lib/libpetsc.so.3.25' -> '/delft3d/lib/libpetsc.so.3.25'
#12 10.58 '/root/.conan2/p/b/precid8a632aacdd90/p/lib/libprecice.so.3' -> '/delft3d/lib/libprecice.so.3'
#12 10.59 '/root/.conan2/p/b/proj1ca83637a8764/p/lib/libproj.so.25' -> '/delft3d/lib/libproj.so.25'
#12 10.59 '/root/.conan2/p/b/zlib8c834d1aaa5e4/p/lib/libz.so.1' -> '/delft3d/lib/libz.so.1'
#12 10.64 '/usr/local/lib/libesmf.so' -> '/delft3d/lib/libesmf.so'
#12 10.64 '/usr/local/lib/libpugixml.so.1' -> '/delft3d/lib/libpugixml.so.1'
#12 10.65 '/usr/local/lib/libuuid.so.1' -> '/delft3d/lib/libuuid.so.1'
#12 10.66 '/usr/local/lib/libxerces-c-3.2.so' -> '/delft3d/lib/libxerces-c-3.2.so'
#12 10.67 '/usr/local/lib/libzstd.so.1' -> '/delft3d/lib/libzstd.so.1'
#12 10.67 All dependencies copied to /delft3d/lib
#12 10.68 patched rpath of:  /delft3d/bin/dfmoutput
#12 10.68 patched rpath of:  /delft3d/bin/waqpb_export
#12 10.69 patched rpath of:  /delft3d/bin/swan_omp
#12 10.70 patchelf: not an ELF executable
#12 10.70 patched rpath of:  /delft3d/bin/mormerge
#12 10.71 patched rpath of:  /delft3d/bin/rr
#12 10.71 patched rpath of:  /delft3d/bin/dimr
#12 10.72 patchelf: not an ELF executable
#12 10.72 patched rpath of:  /delft3d/bin/waqmerge
#12 10.75 patched rpath of:  /delft3d/bin/dflowfm
#12 10.75 patchelf: not an ELF executable
#12 10.75 patchelf: not an ELF executable
#12 10.76 patchelf: not an ELF executable
#12 10.76 patchelf: not an ELF executable
#12 10.76 patchelf: not an ELF executable
#12 10.76 patchelf: not an ELF executable
#12 10.77 patchelf: not an ELF executable
#12 10.77 patched rpath of:  /delft3d/bin/ddcouple
#12 10.78 patchelf: not an ELF executable
#12 10.78 patchelf: not an ELF executable
#12 10.78 patchelf: not an ELF executable
#12 10.79 patched rpath of:  /delft3d/bin/ESMF_RegridWeightGen
#12 10.79 patchelf: not an ELF executable
#12 10.79 patchelf: not an ELF executable
#12 10.80 patchelf: not an ELF executable
#12 10.80 patchelf: not an ELF executable
#12 10.80 patchelf: not an ELF executable
#12 10.81 patched rpath of:  /delft3d/bin/wave
#12 10.82 patchelf: not an ELF executable
#12 10.82 patched rpath of:  /delft3d/bin/agrhyd
#12 10.84 patched rpath of:  /delft3d/bin/FBCTools
#12 10.84 patchelf: not an ELF executable
#12 10.85 patched rpath of:  /delft3d/bin/preC-SUMO
#12 10.85 patched rpath of:  /delft3d/bin/waqpb_import
#12 10.85 patchelf: not an ELF executable
#12 10.85 patchelf: not an ELF executable
#12 10.86 patched rpath of:  /delft3d/bin/dfm_volume_tool
#12 10.87 patched rpath of:  /delft3d/bin/swan_mpi
#12 10.88 patched rpath of:  /delft3d/bin/delpar
#12 10.89 patched rpath of:  /delft3d/bin/maptonetcdf
#12 10.90 patched rpath of:  /delft3d/bin/delwaq
#12 10.98 patched rpath of:  /delft3d/lib/libesmf.so
#12 10.98 patched rpath of:  /delft3d/lib/librt.so.1
#12 10.99 patched rpath of:  /delft3d/lib/libnetcdff.so.7
#12 11.00 patched rpath of:  /delft3d/lib/libmpifort.so.12
#12 11.01 patched rpath of:  /delft3d/lib/libwave.so
#12 11.02 patched rpath of:  /delft3d/lib/libiomp5.so
#12 11.03 patched rpath of:  /delft3d/lib/libwaq_plugin_wasteload.so
#12 11.03 patched rpath of:  /delft3d/lib/libm.so.6
#12 11.06 patched rpath of:  /delft3d/lib/libmkl_intel_lp64.so.2
#12 11.07 patched rpath of:  /delft3d/lib/libc.so.6
#12 11.08 patched rpath of:  /delft3d/lib/io_netcdf.so
#12 11.08 patched rpath of:  /delft3d/lib/libmpicxx.so.12
#12 11.09 patched rpath of:  /delft3d/lib/libboost_program_options.so.1.90.0
#12 11.09 patched rpath of:  /delft3d/lib/libintlc.so.5
#12 11.10 patched rpath of:  /delft3d/lib/librr_dll.so
#12 11.13 patched rpath of:  /delft3d/lib/libgdal.so.38
#12 11.14 patched rpath of:  /delft3d/lib/libcosumo_bmi.so
#12 11.14 patched rpath of:  /delft3d/lib/libgomp.so.1
#12 11.15 patched rpath of:  /delft3d/lib/libplugin_delftflow_traform.so
#12 11.18 patched rpath of:  /delft3d/lib/libsvml.so
#12 11.19 patched rpath of:  /delft3d/lib/libdl.so.2
#12 11.20 patched rpath of:  /delft3d/lib/libifcoremt.so.5
#12 11.20 patched rpath of:  /delft3d/lib/libtiff.so.6
#12 11.21 patched rpath of:  /delft3d/lib/libhdf5.so.310
#12 11.23 patched rpath of:  /delft3d/lib/libFBCTools_BMI.so
#12 11.23 patched rpath of:  /delft3d/lib/libirng.so
#12 11.24 patched rpath of:  /delft3d/lib/libnetcdf.so.19
#12 11.24 patched rpath of:  /delft3d/lib/libdimr.so
#12 11.33 patched rpath of:  /delft3d/lib/libmkl_core.so.2
#12 11.34 patched rpath of:  /delft3d/lib/libxerces-c-3.2.so
#12 11.35 patched rpath of:  /delft3d/lib/libimf.so
#12 11.37 patched rpath of:  /delft3d/lib/libdelwaq.so
#12 11.38 patched rpath of:  /delft3d/lib/libboost_log.so.1.90.0
#12 11.38 patched rpath of:  /delft3d/lib/libboost_date_time.so.1.90.0
#12 11.38 patched rpath of:  /delft3d/lib/gridgeom.so
#12 11.39 patched rpath of:  /delft3d/lib/libplugin_culvert.so
#12 11.39 patched rpath of:  /delft3d/lib/libgcc_s.so.1
#12 11.40 patched rpath of:  /delft3d/lib/libz.so.1
#12 11.41 patched rpath of:  /delft3d/lib/libstdc++.so.6
#12 11.41 patched rpath of:  /delft3d/lib/libzstd.so.1
#12 11.42 patched rpath of:  /delft3d/lib/libboost_log_setup.so.1.90.0
#12 11.42 patched rpath of:  /delft3d/lib/libirc.so
#12 11.43 patched rpath of:  /delft3d/lib/ec_module.so
#12 11.43 patched rpath of:  /delft3d/lib/libhdf5_hl.so.310
#12 11.44 patched rpath of:  /delft3d/lib/libboost_regex.so.1.90.0
#12 11.44 patched rpath of:  /delft3d/lib/libboost_unit_test_framework.so.1.90.0
#12 11.45 patched rpath of:  /delft3d/lib/libprecice.so.3
#12 11.47 patched rpath of:  /delft3d/lib/libmpi.so.12
#12 11.48 patched rpath of:  /delft3d/lib/libboost_thread.so.1.90.0
#12 11.48 patched rpath of:  /delft3d/lib/libexpat.so.1
#12 11.49 patched rpath of:  /delft3d/lib/libboost_atomic.so.1.90.0
#12 11.52 patched rpath of:  /delft3d/lib/libdflowfm.so
#12 11.52 patched rpath of:  /delft3d/lib/libpugixml.so.1
#12 11.53 patched rpath of:  /delft3d/lib/libboost_serialization.so.1.90.0
#12 11.53 patched rpath of:  /delft3d/lib/libboost_filesystem.so.1.90.0
#12 11.53 patched rpath of:  /delft3d/lib/libboost_chrono.so.1.90.0
#12 11.54 patched rpath of:  /delft3d/lib/libpthread.so.0
#12 11.57 patched rpath of:  /delft3d/lib/libpetsc.so.3.25
#12 11.57 patched rpath of:  /delft3d/lib/libtiffxx.so.6
#12 11.58 patched rpath of:  /delft3d/lib/libboost_container.so.1.90.0
#12 11.59 patched rpath of:  /delft3d/lib/libproj.so.25
#12 11.60 patched rpath of:  /delft3d/lib/libdsle.so
#12 11.60 patched rpath of:  /delft3d/lib/libuuid.so.1
#12 11.61 patched rpath of:  /delft3d/lib/libifport.so.5
#12 11.64 patched rpath of:  /delft3d/lib/libmkl_sequential.so.2
#12 11.64 patchelf: not an ELF executable
#12 11.65 patchelf: not an ELF executable
#12 11.65 patchelf: not an ELF executable
#12 11.65 patchelf: not an ELF executable
#12 11.65 patchelf: not an ELF executable
#12 11.66 patchelf: not an ELF executable
#12 11.66 patchelf: not an ELF executable
#12 11.66 patched rpath of:  /delft3d/share/delft3d/open_process_lib_example/code/decayt.so
#12 11.67 patchelf: not an ELF executable
#12 11.67 patchelf: not an ELF executable
#12 11.67 patchelf: not an ELF executable
#12 11.67 patchelf: not an ELF executable
#12 11.68 patchelf: not an ELF executable
#12 11.68 patchelf: not an ELF executable
#12 11.68 patchelf: not an ELF executable
#12 11.68 patchelf: not an ELF executable
#12 11.69 patchelf: not an ELF executable
#12 11.69 patchelf: not an ELF executable
#12 11.69 patchelf: not an ELF executable
#12 11.70 patchelf: not an ELF executable
#12 11.70 patchelf: missing ELF header
#12 11.70 patchelf: missing ELF header
#12 11.70 patchelf: not an ELF executable
#12 11.71 patchelf: not an ELF executable
#12 11.71 patchelf: not an ELF executable
#12 11.71 patchelf: not an ELF executable
#12 11.71 patchelf: not an ELF executable
#12 11.72 patchelf: not an ELF executable
#12 11.72 patchelf: not an ELF executable
#12 11.72 patchelf: missing ELF header
#12 11.72 patchelf: missing ELF header
#12 11.73 patchelf: not an ELF executable
#12 11.73 patchelf: not an ELF executable
#12 11.73 patchelf: not an ELF executable
#12 11.74 patchelf: not an ELF executable
#12 11.74 patchelf: not an ELF executable
#12 11.74 patchelf: not an ELF executable
#12 11.74 patchelf: not an ELF executable
#12 11.75 patchelf: not an ELF executable
#12 11.75 patchelf: not an ELF executable
#12 11.75 patchelf: not an ELF executable
#12 11.76 patchelf: not an ELF executable
#12 11.76 patchelf: not an ELF executable
#12 11.76 patchelf: not an ELF executable
#12 11.77 patchelf: not an ELF executable
#12 11.77 patchelf: not an ELF executable
#12 11.77 patchelf: not an ELF executable
#12 11.77 patchelf: not an ELF executable
#12 11.78 patchelf: not an ELF executable
#12 11.78 patchelf: missing ELF header
#12 11.78 patchelf: missing ELF header
#12 11.78 patchelf: not an ELF executable
#12 11.79 patchelf: not an ELF executable
#12 11.79 patchelf: missing ELF header
#12 11.79 patchelf: not an ELF executable
#12 11.79 patchelf: not an ELF executable
#12 11.80 patchelf: not an ELF executable
#12 11.80 patchelf: missing ELF header
#12 11.80 patchelf: not an ELF executable
#12 11.80 patchelf: not an ELF executable
#12 11.81 patchelf: not an ELF executable
#12 11.81 patchelf: not an ELF executable
#12 11.81 patchelf: not an ELF executable
#12 11.81 patchelf: missing ELF header
#12 11.82 patchelf: not an ELF executable
#12 11.82 patchelf: missing ELF header
#12 11.82 patchelf: missing ELF header
#12 11.82 patchelf: not an ELF executable
#12 11.83 patchelf: not an ELF executable
#12 11.83 patchelf: not an ELF executable
#12 11.83 patchelf: not an ELF executable
#12 11.84 patchelf: not an ELF executable
#12 11.84 patchelf: not an ELF executable
#12 11.84 patchelf: not an ELF executable
#12 11.85 patchelf: not an ELF executable
#12 11.85 patchelf: not an ELF executable
#12 11.85 patchelf: not an ELF executable
#12 11.85 patchelf: not an ELF executable
#12 11.86 patchelf: not an ELF executable
#12 11.86 patchelf: not an ELF executable
#12 11.86 patchelf: not an ELF executable
#12 11.86 -- Installing: /delft3d/share/bsd-2.txt
#12 11.86 -- Installing: /delft3d/share/bsd-3.txt
#12 11.86 -- Installing: /delft3d/share/agpl-3.0.txt
#12 11.86 -- Installing: /delft3d/share/gpl-3.0.txt
#12 11.86 -- Installing: /delft3d/share/lgpl-2.1.txt
#12 11.86 -- Installing: /delft3d/share/proj/proj.db
#12 11.88   config     : fm-suite
#12 11.88   build_type : Release
#12 11.88   build      : True
#12 11.88   keep_build : True
#12 11.88 
#12 11.88 Running Conan dependency install...
#12 11.88 Running CMake configure for fm-suite...
#12 11.88 Building fm-suite (Release)...
#12 11.88 Installing fm-suite (Release)...
#12 11.88 
#12 11.88 Finished
#12 DONE 12.0s

#13 [stage-1 2/2] COPY --from=build /delft3d/ /delft3d/
#13 DONE 0.5s

#14 exporting to image
#14 exporting layers
#14 exporting layers 14.4s done
#14 exporting manifest sha256:8b2a9093dede9226cb60fc18e57e9426c14c3fddf1ce5a1f9303928c57d4b6b6 0.0s done
#14 exporting config sha256:fdbf13a6cdd88e3cff9dc53b74076cff9b8fcae07c10b63ee384dd4486d39bed 0.0s done
#14 exporting attestation manifest sha256:28d0be27b9493e2cc3cb38f550ceed32a91a7b0d013153a1e8205cefcb6c2de3 0.0s done
#14 exporting manifest list sha256:d439312899ce18fc3c498355b3c87ddda55a59b3b74e762bc2b08425b2980cd8 0.0s done
#14 naming to docker.io/library/damsafe-dflowfm:local
#14 naming to docker.io/library/damsafe-dflowfm:local done
#14 unpacking to docker.io/library/damsafe-dflowfm:local
#14 unpacking to docker.io/library/damsafe-dflowfm:local 2.1s done
#14 DONE 16.6s
